"Series Number","Filename","Name","Description","Gender","Attributes","UUID","hash"
"TEAM BEVEL","","","","","","","e3b0c44298fc1c149afbf4c8996fb92427ae41e4649b934ca495991b7852b855"
"1","adewale-the-amebo","adewale the amebo","adewale the amebo","male","","cad316c3-37f8-4b27-9f53-9d803bfcfee7","1e04996618e933acd8a4ce3978af2d73ac0b99d0f91daf20c3b5cc43dcf64052"
"2","alli-the-queeny","alli the queeny","Alli is an LGBT Stan.","male","","a57ecda4-a26f-4e97-a757-e1800af39aab","965348a600f5f8ecf697ec6d0625e650c192dec08de11ada42440c4a2500f814"
"3","aminat-the-snnobish","aminat the snnobish","Aminat never really wants to talk to anyone.","female","","0e37ed0d-3e84-4f32-a91f-ec9c4ba8c7de","54daa585c7dc0bf98d2b937cc420fd4c9a0483a1213b6d403483fc33411a2c06"
"4","aminu-the-carpenter","aminu the carpenter","Aminu's hands are blessed, he makes the best furniture in the whole of Kano.","male","","4f30b751-96e7-40fe-97fd-e3d44973ff2f","5568cdd49408fe2d6047d78b3f3671404c87054ae419b8ca1f7cf14f0a28564e"
"5","chibuike-the-kudibag","chibuike the kudibag","Chibuike is too rich. Everyone wonders how he got it.","male","","5ce854f2-7ac1-46fd-b3fe-57583935d1e5","4b180ed598105ebfda72c718c573cc5b37bd60c543dc9bfbbcb271d0bb7a1b6a"
"6","chidinma-the-model","chidinma the model","From Paris' runways, to London's streets, she's always in demand.","female","","c98db72e-49ac-4ca6-89d5-e00f5fbbcc45","ae491462fef7ddc5dfcf261ccc4edcdcfff47f1df4947370141935c6e8390408"
"7","chioma-pretty- girl","chioma pretty girl","Chioma's face card is a 100.","female","","182ea888-a85b-42ca-ad73-ed4f8f9aa5c7","2c5cbcb34796c98c563ea3dff468c52b0c627034bb1d3a9bcb2080201580f124"
"8","damilare-the-handsome","damilare the handsome","He's a fine boy. Everyone loves his face(and him).","male","","27eca2dc-d7df-474a-8f8f-1858152c711e","61f6df53131f41523ed39308310289bed16f1deb007b64f12a6ea34aea5dac6e"
"9","ebiowie-the-planter","ebiowie the planter","Ebiowei has a reputation for nurturing plants.","male","","f1df8270-4d60-4bd4-8959-ba7c384db5c4","0564689c42709398d9be48e7b25413ca6f331f2fe74087f6fceb90259e35dcc0"
"10","emeka-the-businessman","emeka the businessman","Emeka only cares about containers. No time to waste.","male","","9b3d75da-4887-4089-aee4-50de3954fdc9","3816ba712f20c923ceac780f2492c1ad008dcd345092d560d5c22947840979e1"
"11","gbeminyi-the-monk","gbeminyi the monk","He lives in a monastery off the coast. No one has heard him speak in years.","male","","c8b1fd1d-8551-4bb4-8dc4-923a9aeb39fb","98bb86a17dbd8f6d87179e1ab20b7105d26b43a8c4ebc5fbe7f6b79387cd5722"
"12","henry-the-sportsman","henry the sportsman","He's played every sport known to man. Even cricket.","male","","e1225451-bfdf-4a1f-8d37-9cce3a0bd67b","dcb259c83bcaa1db2ffc28caef7a279aba3a3596b6750f0ae8ad5cfe08054824"
"13","mayowa-the-smallie","mayowa the smallie","Mayowa is so small but everyone loves him even still.","male","","dfbb4163-df24-4d54-b74c-6218a68df8bd","5844ad6200c757cb0ef9f8a7d27986f071702475473507c9470f21f6071994d0"
"14","muyiwa-the-stylish","muyiwa the stylish","Muyiwa has a motto which is never to be caught unfresh.","male","","dcf9d5a0-57b7-4126-a05e-6c8f1045d3f7","a4fb91aa4343eda29282a1f056ff5fe55b0bd5818ac3d01b158fd301ee3ae974"
"15","nina-paper-chaser","nina paper chaser","Nina na Igbo girl wey like money. Finish.","female","","59524227-dc52-407c-8cca-e9e8c5fb3018","119a5cc2cb4565d224eceb1220dc912ca5f7f46cf10bd3a35dfb60b73e74c45c"
"16","oluwaseun-spicy","oluwaseun spicy","He loves spicy foods. He cooks pepper and sprinkles rice on top.","male","","808f7007-6552-4efa-bd13-4b7c337b102b","d92282c9594e865f1c764eba4d6a0f8c49810dd361c3faff46ab28d932c08994"
"17","sesan-the-smartie","sesan the smartie","Sesan always comes first in competitions.","male","","ba3edda7-8940-4ca4-97ba-826398d5909f","00954a978537cd18e5b35a2023eee6a4faf11962c66fd4894ffb2c026df38dc8"
"18","tiwa-london","tiwa london","If she says she's in London and you see her, you're in London too.","female","","78da7aeb-8352-4e25-89ac-dc48b5984089","6ae83fde3fd26cee9436837f76a5a433225a97a8ba838a4e25fe87dd4364d526"
"19","tunde-yoruba-demon","tunde yoruba demon","Tunde derives joy in breaking girls heart. It's a lifestyle.""","male","","53b46bd7-a537-402b-b249-0b4074a8faae","ad3043115c1b2d81d6e7547574926be58c0e02b92764cf09b77bbae3d63af592"
"20","yakubu-the-zombie","yakubu the zombie","Yakubu earned his zombie title because na only dust full him head.","male","","4adb6781-1614-424e-8f77-fe59ffca2209","a860110d922d0e816b1a8f49f0e34cd93ab71c31b144382afdcbc4103e317fcc"
"TEAM CLUTCH","","","","","","","e3b0c44298fc1c149afbf4c8996fb92427ae41e4649b934ca495991b7852b855"
"21","abdul-the-vibe","abdul the vibe","abdul the life of the party and can never be caught unfresh","male","","770f817a-9d9a-4772-9a91-e66dd9d03470","f732f1972d9f5926c5da71b03b2020de4d077184a9d83a9df3b411afa60f76ae"
"22","emeka-the -clown","emeka the clown","emeka the funny man, always making silly jokes","male","","78810fa6-a7ef-4d83-bf57-caf49db4ee69","bb926bff662f9a9c546262d3f79c17ba45e74ec596e271470832420198b97355"
"23","salam-the-odogwu","salam the odogwu","salam is a big time textile marketer always sourcing for quality materials","male","","f2957ded-022c-4b07-92c6-b345d4816a67","a5e4a44ae5d807babef320bee7a406fa016945a08ea701c8f4ae609c8fe175b7"
"24","24","charles the exporter","charles a business man an importer and exporter never to be caught idle","male","","09395e76-19ed-4852-8748-795ee7496a8e","2979d452c5b2dc028968832ac65171be5e9028f33cdbe92bc9b6a89d86a88ff3"
"25","wole-the-pimp","wole the pimp","wole knows all the babes in town and is always pimping them out","male","","4d94d4f7-9b69-4e43-9db1-1fe83df92857","0ce6ebc97ead9111b256311ab37f56501764e6656f9b7900040a4be698182c2e"
"26","saro-the-baller","saro the baller","saro is a baller and is always ready to turnup","male","","d35a7514-8996-42fb-a5f2-5a603ec679c5","5213b034c2418b1eba7b6550828dc0a5f7691977ba8fbd7a98ec9c475c415da2"
"27","ade-omo-yoruba","ade omo yoruba","ade a yourba man takes pride in the yourba tribe","male","","92984fa0-310b-4377-8a10-15965d044383","b5ec0ec82fa2377c54a9e707600898cf3c4fac81301fae9fb7f4b71824a10538"
"28","shola-cool-kid","shola cool kid","shola prefers to be alone because he hates stress","male","","3ac5c186-bc14-4eb6-8567-cc818465a64f","308746cb6df4e72679a22debc8a8d37bdc2684bcd3fc79b182dbb3376dcfd7f7"
"29","charlie-the-smoker","charlie the smoker","charlie uses smoking as a coping mechanism","male","","71a0aa22-d111-43b7-8484-43d87310bc42","693f4448eb82eb278272c8af0cc0f21c277b8347904caaf2a2a361a53fe3de3e"
"30","femi-the-badguy","femi the badguy","femi is the biggest guy in lagos and he has served plenty babes breakfast","male","","e493e3fb-a8a0-455a-854f-0f6474bbc69f","c93e2ff4ad7d408377358ffb63508365d8742cecd2089edaf9c6ebbb8cdaedf4"
"31","sinzu-money","sinzu money","sinzu loves spending money on flashy things","male","","942f8347-9932-4331-bd15-d0f3a048b54f","5c84b06d136b63ac623afe63d451b511fc7eedb7ea842908ca840b7dc243dae5"
"32","obinna-the-palmwine tapper","obinna the palmwine tapper","obinna taps palmwine for a living","male","","0f1af056-2548-4407-bed4-abc11deae05d","0e4cb886435c0f888f6297d4ccbbb78e0ebe5f179a200623407999e8593ff1d7"
"33","aminu-maikudi","aminu maikudi","aminu is a wealthy man from a family with generational wealth. His exquisite taste shows it","male","","0129e7a5-e3d0-4675-92d0-1a1e55d11612","95cd340baa995f991639873649a2827be4adb4a58b45af0bb45a33f58aaacf10"
"34","sabinus-the-town crier","sabinus the town crier","sabinus delivers messages to his town people","male","","01d4ce96-818e-44b1-8813-68a7d34b35ba","027910057cc29b430900233fc1b6d6f2619a702d253e4bde2b4b57f3fe53701a"
"35","adisa-ibadan","adisa ibadan","adisa the greatest man in the whole town of ibadan, is authority can never be questioned","male","","3a925f27-35f6-4dbf-9960-c6527fae5f3e","af01053c4789ab253b92395533cb0dc787ed79d95a7854da50d0200473627a0e"
"36","linda-the-navigator","linda the navigator","linda knows how to make a way for herself and people around her","female","","71f335a6-5a4f-4410-9cea-179336f0e498","044db006bb083c968ffd7c7a36cc51aba7ab1d844f4793308b528294c02da8d7"
"37","kemi-the-iron lady","kemi the iron lady","kemi the strongest woman known to the town of  igbede people","female","","35b11a31-5b92-49f4-8fb1-30f255d22054","30b1167abfaa8097e7c1b3ea0d7436767f917481df6d36fa440efd1ac246aeaa"
"38","mercy-the-sassy lady","mercy the sassy lady","mercy only care about spending her father's money and treats people like trash","female","","7a3c70ac-927f-4a63-a3df-ab86dd27cd0f","ec871edf4ffa3a5def93bb0236d7c3f58627a885fc910d25451622fb63fa5d61"
"39","sandra-money","sandra money","sandra likes getting and spending money","female","","1bd95fb0-7b2e-4354-bebd-22f9cf70a1ca","e57b3382dab843cf15392ea02978a7a7358991ad7ef45f2cee8da1b080934703"
"40","bimpe-the-fashionista","bimpe the fashionista","bimpe loves wearing trendy clothes and looking gorgeous","female","","92b548b7-998b-46b6-8198-80d407209483","7c8880dce0c4ab0627ad1c76bad8769c98588ce4af246e8dde89cd442566c339"
"TEAM ENGINE","","","","","","","e3b0c44298fc1c149afbf4c8996fb92427ae41e4649b934ca495991b7852b855"
"41","kim-rich-aunty","kim rich aunty","she loves spoiling her nieces and nephew","Female","","3344a73c-f15e-4afd-a1b2-3199e27eb08f","3bee3693fb2bd2903b4cf20027084887ae2d0a533ca67fea7bd7ea34e3641de4"
"42","barbra-vampire-bc","barbra vampire bc","she loves drinking the blood of her victims","Female","","4f31fd99-4918-42a9-a112-fa60ef36d5c6","41e2de20194a79e7aab60016389e99710e4134d2f3febba5cd339b4de975c248"
"43","jean-art-dolger","jean art dolger","loves collecting art for charity","Female","","5e1105d9-e485-462d-a5bf-1eb931976b13","c6eb173e69c49a138ddfe234090fc6d009a0daa011e60d6eaa5400974a432c28"
"44","flora-burger- eater","flora burger eater","she loves eating burgers","Female","","054dffd1-cdff-417b-b6c2-a679dabd087b","ba0ab40f93cbf4bff7222a911a4d0eb917820c9ec5df7ec7ccada49d7098204f"
"45","jessie-lord-rings","jessie lord rings","she seeks her 'precious'","Female","","caacabe1-0abc-43af-92e2-2231248bff93","8b6180f04d2302e083a7ec595b8f57608b4afe5430d876b262bc3c7d125521b7"
"46","pinky-monky-ponk","pinky monky ponk","she love to dance the honky tonk","Female","","bd6a4b38-543e-40fa-9153-f7e1a947ebb1","b2544391621128170aab6a3ffd6ef8a50d151b222b5fbe0aa8ef8aecc28d170a"
"47","wanjiru-hippie-glitter","wanjiru hippie glitter","a hippie that loves her glitters","Female","","683f0d27-3cb4-4948-b1b5-09f10bee575a","c62bc41363d41fb8b82ad46de57741b0b6a3e04e0cf904b98acecc50687ddb09"
"48","njoki-binary-coder","njoki binary coder","she codes with the best and tops the set","Female","","9b59bdb4-0c6c-4107-9d72-6d38d308edb4","43108b56181336710db8794c1e80893f31adc9eab6f515bda0a0bce077bdc0f6"
"49","wangu-calaba-hustler","wangu calaba hustler","she's a mean hustler so be careful","Female","","67f7da93-3925-4def-b660-58f558c14a19","5df0c73abf12118a88515c3e919bd233180f5ecee14ea7f76c24e9f48e41929b"
"50","lulu-dey-kpako","lulu dey kpako","she's as skinny as she is beautiful","Female","","23b6c38f-ab84-4565-bfe9-d9eb019c9f29","00185fb524d34ad89091b9bafe4b6c388fa3fadd8ed5ec3e13f068c2c9b52e4c"
"51","kiki-cala-flier","kiki cala flier","she flies first class and gets the best deals","Female","","d24aefff-c9fc-4ea9-a7cf-1b741076c822","289f062ab6a47819cacc456b086d23748d41c93f15e59188ef99c3418aa83a51"
"52","purity-nft -investor","purity nft investor","she is an angel investor looking for the next big thing","Female","","ee86ef77-4793-411a-88d3-ea54d84f6b24","d360964a99dd6799653289e04c7479e87a3cf633a0ede9fe97c49882e780c63c"
"53","june-binary-monk","june binary monk","she has a twin thats from Tibet","Female","","102c4cdb-f812-44fd-bf47-5065284c6075","a63e829fe88b5b176c7859f7bf2e0d5a29453de250823790c43809f92f409c04"
"54","aisha-crows-damsel","aisha crows damsel","she is always a damsel in distress","Female","","c4071af3-b49e-4ad6-898b-7828f90465fb","69c8efdbaee6eb146adff43c421c50793c9d1d4f2f20cf69637f71c85ec69e93"
"55","bobo-crypto-lovely","bobo crypto lovely","she is a crpto guru you can trust all through","Female","","427ea0f5-30a3-4d70-a5bd-a6106409b83c","e692b0b2d22fdb4d0f40b93dbc900c8f6e65f6efe08a93e1255683c7654c1f3d"
"56","nell-light -embrace","nell light embrace","she is an empath; ready with a kind word or hug","Female","","9dfe30b4-c71a-471c-8091-f5c4a238eed8","9ed02a03bce00fc0af76bfbcc37a9c32305e32a9cc416be3450bcd512562b386"
"57","rachel-mood-silent","rachel mood silent","introvert  to the core, a mysterious lady","Female","","11450acd-f0d7-406f-bc18-bdb680404845","7acaa1ad6563d7bc205370baa3258d776abc6ac98a130d50ecf85d18aa8b9e1c"
"58","nana-reflector-agent","nana reflector agent","she loves her chrome fashion stye","Female","","63bda633-bfca-4b28-823f-7772936b4103","650ea23ed6082184974abe8516dbf8bd205880ce0807b4acbbaf1dbeb12af581"
"59","bree-busy-gossip","bree busy gossip","never wisper your secrets to her, except you want the world to know","Female","","4f5898d9-fc99-4053-a56c-b2ec1ef41347","d9bdb0bf6331739eb9e6eee8e06ed023215b3bfb96e01e29beffc38061d400da"
"60","jude-shadow-fighter","jude shadow fighter","a ninja warrior, the last samurai standing","Female","","a47b2ed7-d4aa-4404-ac40-0ecea464cf3f","7d4b9268a911e5356f4e566fa13b4fe733bf87a6e08f99390c68393723a26c44"
"","","","","","","","e3b0c44298fc1c149afbf4c8996fb92427ae41e4649b934ca495991b7852b855"
"TEAM GRIT","","","","","","","e3b0c44298fc1c149afbf4c8996fb92427ae41e4649b934ca495991b7852b855"
"61","toy-soldier","toy soldier","a man stronger than an army","male","hair: bald, strengths: powerful, weakness: sentimental","fc8ea3ac-59d1-11ed-9b6a-0242ac120002","9a9923427b6792db99116c1d7bd562a3665d21ff53c9b55b52660c5d986866a0"
"62","pipey-rivers","pipey rivers","a man who loves the water so much and fixes its path","male","hair:bald, strengths: calculative, weakness: public speaking","58f69cae-59d1-11ed-9b6a-0242ac120002","5e82eb6e484e24131aae7ab36e5e294127a68443d137ff36de7b3d54999dfb1b"
"63","phiri-of-zambia","phiri of zambia","an african woman with strength and beauty","female","hair: two purple bun, strengths: free spirit weakness: blind","24b537fa-59d3-11ed-9b6a-0242ac120002","d57a577d934b38bb6fcabd06c5c9a1caf3d144265806ab758f505e36c2197cd7"
"64","patrick-of-bikinibottom","patrick of bikinibottom","a white man who loves the African culture and associates with their dressing","male","hair: bald, strengths: adaptation, weakness: fluency","064c7b84-59d3-11ed-9b6a-0242ac120002","79adb374baf8e5d128f746faa80af23af07f2e64fc545ec4aea611b7b3d04f14"
"65","nobuhle-of-zulu","nobuhle of zulu","a woman well endowed with beauty","female","hair: brown bun, strengths: cool headed, weakness: pressure","1ee5b1ce-59d3-11ed-9b6a-0242ac120002","70940f059ee317daa39eeecbebbb5ac0413f521d03161ad5e2db48faa2ad2909"
"66","nkosazana-of-xhosa","nkosazana of xhosa","an african princess always proud of her culture","female","hair: ginger afro, strengths: confidence, weakness: endurance","2f1a1724-59d3-11ed-9b6a-0242ac120002","24d922395973e50fe3e26f0558e4e388adbddab53a616fc1c343c3e00623ea1e"
"67","mandla-of-zulu","mandla of zulu","a simple and an introvert who keeps to himself","male","hair: bald, strength: strong willed, weakness: relationship","d04553b2-59d7-11ed-9b6a-0242ac120002","6a5168fa42e7ad8d88e18aaf9b6b42d9e0d89dfe5b697d71441d1a7f9d83ddb7"
"68","john-doe","john doe","a principled guy who is conscious of his health and ensures protection from infection","male","hair: bald, strength: cleaniness, weakness: perfectionist","5d19795e-59d2-11ed-9b6a-0242ac120002","8215fdf0004c7adce773f9b0320462c8943abb9da608958c5e77610c61597c87"
"69","ghost-of-power","ghost of power","a woman stronger than ten men combined","female","hair: black tied with scalf, strength: badass weakness: cancer","29c764ca-59d3-11ed-9b6a-0242ac120002","09166bddfa0f8c35a2d7a62ce2c7cec310c48727d863454e63528a7853282e67"
"70","freida","freida","a man who is always peaceful","male","hair: bald, strength: peaceful weakness: anger","ee671c4a-59d2-11ed-9b6a-0242ac120002","4565617ad928dbf2269af3d05c7005ac854687e13722978829e65d9b1bb3aacd"
"71","flamboyant-tree","flamboyant tree","beautiful african woman","female","hair: one bun dark brown, strength: beauty, weakness: lover girl","380e4990-59d3-11ed-9b6a-0242ac120002","d40337636d410d2cc4449ce0b91861afbce3e895d99936203779d9b2e0f2f816"
"72","david-of-accra","david of accra","a combatant who fights and defends his people","male","hair: bald, strength: super powerful, weakness: sleeping","1c1ef1b4-59d1-11ed-9b6a-0242ac120002","bae01c1ed62c9ac06832453bbf6c4868777a314c0189add360808ab791afba62"
"73","cally-lily","cally lily","a man who is a breath of fresh air","male","hair: male, strength: calm weakness: sun","82bba87c-59d1-11ed-9b6a-0242ac120002","de8c90bec4033f243a1921eedc688ea718311906ff47c965cbc65fcb9ea5aba2"
"74","bubune-of-accra","bubune of accra","a man with honor, always conscious of his health","male","hair: bald, strength: clean weakness: foodie","faa4b530-59d2-11ed-9b6a-0242ac120002","1f6c5fc11dfab2373fc94374534a935f134d9d196c60b13e5b9a640545af85d9"
"75","bediako-of-accra","bediako of accra","a strong man always ready to fight for what is right","male","hair: bald, strength: activist, weakness: irrational","fb6e8222-59d0-11ed-9b6a-0242ac120002","b30a91dc813591bb4a65bf8fb23271d51feaa9a6efd2311e490ed7ac3cc270f7"
"76","avatar-aang","avatar aang","a man who is ready to save the world","male","hair: bald, strength: mind games, weakness: insomia","169f93a0-59d2-11ed-9b6a-0242ac120002","bff9ea0e42fb81576ac5ebddd92ade83439aa0c8931bfaa441a7fef3031f1056"
"77","argus-greek","argus greek","a man who feels like an outcast aand always has a battle with his mind","male","hair: bald, strength: strong willed, weakness: crying","e7f26b26-59d2-11ed-9b6a-0242ac120002","79a6bc5aa12281bfa7b4f8c76c721ae17de2d0b3124b48c509d589dea34262be"
"78","amahle-of-zulu","amahle of zulu","A traditional man, feeling fulfilled","male","hair: bald, strength: conversationist, weakness: traditionalist","169f93a0-59d2-11ed-9b6a-0242ac120002","bff9ea0e42fb81576ac5ebddd92ade83439aa0c8931bfaa441a7fef3031f1056"
"79","agnar-ole","agnar ole","a man who feels like an outcast and always has a battle with his mind","male","hair: bald, strength: activist, weakness: irrational","f3f11fd0-59d2-11ed-9b6a-0242ac120002","44c92ca6eeb388ede69c2a8252af75954ca07748dd478dc95d75ff4ef7dc92f9"
"80","adom-kulu","adom kulu","a Ghanaian model, proud of his culture","male","hair: black tied with scalf, strength: badass weakness: cancer","00f6589e-59d3-11ed-9b6a-0242ac120002","c432066b97060af0337cfaede81b08eb63afb9724eaa72c22919f80d037860f0"
"","","","","","","","e3b0c44298fc1c149afbf4c8996fb92427ae41e4649b934ca495991b7852b855"
"TEAM PRYBAR","","","","","","","e3b0c44298fc1c149afbf4c8996fb92427ae41e4649b934ca495991b7852b855"
"81","segun-baller","segun baller","","","","58ac5cf6-b644-41c6-af79-ec9aa5f6bdd1","9a46f8fd80431b5d171a05f8596841e2e4ecb6911205bff52a054a4834b74b22"
"82","bolanle-pepper-dem","bolanle pepper dem","","","","46966104-775b-4443-90bb-b35afd121653","9430dc74826b6f9d254342d37eddd1656b6681ea870a2e18f339ab40f0f2339f"
"83","tayo-tailor","tayo tailor","","","","70828783-ac38-48cf-b966-cfebc92ebd86","51effc2aefc771d8fe30afd44da018cb732624c479044ee9cc5d710b02e45a63"
"84","ajasco-comedian","ajasco comedian","","","","8bebdb3a-f0a8-47ba-892f-39aa275fbd0d","948556d579884d2123a50ea2a2c7f1dbd231131f14eed7f3b80a9625897e9211"
"85","tobi-babyboy","tobi babyboy","","","","3da592d4-5dec-4bc5-8412-f1b2a0269f95","40e7d19e019acaba2851d1292bf52934e90c38f056af991f9263b99180a3eb3c"
"86","esther-sassy","esther sassy","","","","0642a25a-966d-446f-b021-a6d18e7fa0c5","e60557e69f55186f994a389777557cc14b0a22c9efb746ef01cfe7f6c0d343e8"
"87","ozo-fineboi","ozo fineboi","","","","fdb0a5b6-7367-48bb-bd6b-720ec8c15226","d918a56e1afd58a6fdb63ca579d5eeab996462245298d86d2cd04b32ca08740d"
"88","ade-party-girl","ade party girl","","","","7e3db30c-9faf-430d-ab48-b854fe0456b9","8be9d7c5c6442363fc03f07266d7285e20633e9aa74342e304c4976fc0fc0a45"
"89","john-casco","john casco","","","","2eff88ef-5bc2-4779-917a-533e952e2953","ebbc0904db42a6e57cb3f7c0b4f99ed2228e58fdea6640bc9f92c647a2036ebb"
"90","agha-uwa","agha uwa","","","","8478a002-1eba-4a05-8b98-7170c6e39254","a48720b4ffa19504d97e108436f8260986b5df60da17ac783222e4c5028e347d"
"91","udeme-great","udeme great","","","","d1476409-6f8b-4be9-8c93-24d9123749c5","276f0a72839aa7a90c1587d64ba067a1d33ddc78105f196da933597eb5e43ee0"
"92","femi-tech-bro","femi tech bro","","","","ba3ec22a-13d5-4e19-9b7f-aac764fda28c","a951acc5d04f7272d219df947a342e0c5c54685afbc8c3b8877cea98b9749182"
"93","sai-baba","sai baba","","","","fdfff369-5b57-4612-9f89-f5d408f24a35","141f908f133e9d144b60a5933d46300130718ce507f046df3faaaf758b8f943f"
"94","omo-pastor","omo pastor","","","","49e09559-61a6-41ff-811a-272721a7475c","8b7b8caeeb71daed310e305cf8c90a317b4c61b2521d85b7d63b0b514c76a483"
"95","obi-container","obi container","","","","4b64cf48-94fa-4aed-8cf2-452974b48ee3","a8642d6215708a8acee84c35e9ec8d7f904f756e497d27396919fc1e70a54d3e"
"96","erigga-international","erigga international","","","","3ac39a5e-7b0c-4371-b0c8-7cb4b68aed2c","a384c32b07f36bd6e6b05f3d9d1e661abd1ef2c648863f33bd4a43aa7c4abf11"
"97","ayo-web3-bro","ayo web3 bro","","","","c137ec2b-18cd-4c29-a194-af29ac9e6c1c","7a7a828662844a9a9c96fefcd6eb9b07acbcf6223dccd8aca75a1c9dfbc8701d"
"98","phoebe-queen-bee","phoebe queen bee","","","","1277e9c0-81dc-4747-89df-a9d2ae4fcf96","68fac8881659eaabcbafe50c314b19c2eeb26dcbe42e8dafaa81bb9f331ab5cc"
"99","rachel-warri-babe","rachel warri babe","","","","19e6af3b-ef2d-46ba-ba05-59fb612ebbee","023e92aa25632ad87c004e1f624646c803854a5dbff4193a59f97c8a4bc0f5b0"
"100","adun-preacher","adun preacher","","","","cc4dfedf-c343-48db-ad67-e39452ec2380","965699780c25ad2b730031693350a05b3a79a92c17a520d24a375599751ba29d"
"","","","","","","","e3b0c44298fc1c149afbf4c8996fb92427ae41e4649b934ca495991b7852b855"
"TEAM CHISEL","","","","","","","e3b0c44298fc1c149afbf4c8996fb92427ae41e4649b934ca495991b7852b855"
"101","adebola-omo-oba","adebola omo oba","Adebola loves soft life with her fathers wealth","female","","fbf43611-f267-4cba-bf4b-a3ffdc122589","9f3fe64e30060b75fb622f94b392d159943f36f0c3bce2010b4c639d9743e4b0"
"102","chichi-the-dancer","chichi the dancer","Chichi loves dancing and party","female","","e7c32b06-7022-49b4-bbe5-81e8c1d58583","1892e3fc9122f720ba5c832031e6e5d6d4d0033d6409fdd39e4278eb871ca9dd"
"103","hammed-the-farmer","hammed the farmer","Hammed owns a farm with his family","male","","e57d8985-599e-49da-8d62-fc16b7ac93f2","c63f9782b05d6ea924497c71b4da1eb53373f70ce9c629737e1747626aa38e75"
"104","farida-the-tivlady","farida the tivlady","Farada is a traditional TIv woman","female","","31d3e229-003e-43c8-ba82-38f49cf58ccb","805fd9adb080ca7ee1c5f666e88e7c46dd41950f1ddaf3fbd7ee6b59e6149c21"
"105","hannah-the-singer","hannah the singer","Hannah loves singing and belongs to choir","female","","281f5bd7-5282-458b-9811-e369980e7dee","f740c821dcd50e35c18677f26046d8cfc3cdb4299272e3e2b8b7e6f0a5d5849e"
"106","nonso-the-igbogirl","nonso the igbogirl","Nonso is an Igbo girl that loves money","female","","5cfa76df-8376-4505-af12-78af24f108d6","2b66c9b39fa983d09841ccbc4358948b4d1a089a47f94c8c6ed24a69d7614859"
"107","shade-olori","shade olori","Shade loves soft life and makeup","female","","1a07ca73-d39b-43e9-a0f1-ef9f5e57d3a9","dd35a2ebb77e8947e79017c2ea43615e86b75b5e338210eb2ceba1f9113dc1f5"
"108","quadri-the-teacher","quadri the teacher","Quadri is a devoted teacher that teaches mathematics","male","","d96a93e7-17a4-4efe-b09b-02185cc81ce8","b777b9e1f2546f6bea03ef0b213ea05b6bdcab1de1bcacf6be48689b5b7f67bc"
"109","Ifeanyi-the-dj","Ifeanyi the dj","Ifeanyi is a music dj that performs at events","male","","030f665d-2cd7-4376-aef5-4030dad9f2d6","7b75179b944415957ecadedcbdc4909a8e9d72101265af29f6542e67b5c46f15"
"110","fayo-the-yorubademon","fayo the yorubademon","Fayo is a youruba demon that breaks hearts","male","","e270e278-a9b5-408d-b527-d518239a997b","e8c08f01e714fb11e31b8ddc2517cafe7a8e12a8bc519f789867324566a769c0"
"111","nkechi-the-actress","nkechi the actress","Nkechi is an internation actress that acts in hollywood","female","","34b1136d-00b1-4f29-8a03-5b02291d47d5","c9aff853f32e0d1a3a69d918279d11daea9cd9393fd1b07ca6e635930814e9e1"
"112","hamzat-the-mallam","hamzat the mallam","Hamsat is a mallam that changes money","male","","592eff9f-93b2-4452-a2ed-5d44ebc969db","4daac9397597d664a0726b04c3af0c0c2408863aef408685ecc907dc33de1b61"
"113","nnena-pretty-girl","nnena pretty girl","Nnena is beautiful girl that loves to talk about her beauty","female","","d9477612-ad63-408e-8d12-24679c647b32","44d5b7840b918320e5b66c7a0939e9924ed371d7e2572d785c5c77de64133615"
"114","tunde-the-boss","tunde the boss","Tunde is a boss that orders her helps around","male","","7635c4ee-04f6-4872-bfc9-37e5a73c8fc6","004d71ea227a5be27e9f407e73f5a568a2eb002bea15c63e1fe728b9f7521f19"
"115","nnamdi-the-barber","nnamdi the barber","Nnamdi is a baber that does celebrity haircuts","male","","152758f3-9414-45a2-a809-95cb05a3de13","acf736f41a6b03ea2d0a1e6b2d264e26ac31f10a2f2bceedb1b150e46255e544"
"116","amaka-the-hypepriestess","amaka the hypepriestess","Amaka is a very hyper that she hypes in the clubs","female","","c7726e84-3c5c-4e66-8677-cbfb5c9ee850","fd366d037bbc0162d695f65dce1f92973f17e4e66174567fc157bf765f8f8087"
"117","kemi-foodie","kemi foodie","Kemi loves food but cannot cook","female","","3116cb6f-14c4-4d5a-af57-54253b72a309","9af75cd80bcccab1c7a6a5542df5d1630d839754b392ffacb6e7b0d6d38878c0"
"118","ada-the-fashionister","ada the fashionister","Ada loves fashion that she rarely repeats cloths","female","","a14df1c1-7a5a-4a33-8780-0fb01c593da6","9771ca00eb384f593aaa6c8b062344c3a5c86132376efb14ead4b5081beec249"
"119","kayode-the-baller","kayode the baller","Kayode loves life and lives it","male","","fe17bfdc-c251-4654-8313-1ab793e11748","e7f8dd3bffa67e9f0c2102b6470dbfbe2a4bc39608046d5aac1f436fbb97d941"
"120","kola-of-lagos","kola of lagos","Kola is the life of the party everywhere he is","male","","df295be1-1509-406e-a263-28a5dee0abca","92dea55a8cc58b14b5e6549d1e0d96d43ee57d1e2365cbad5f8a3870cc476a7c"
"","","","","","","","e3b0c44298fc1c149afbf4c8996fb92427ae41e4649b934ca495991b7852b855"
"TEAM BRAINBOX","","","","","","","e3b0c44298fc1c149afbf4c8996fb92427ae41e4649b934ca495991b7852b855"
"121","azikiwe-popular-trader","azikiwe popular trader","Azikiwe is a popular trader","Male","","7ebde325-8efc-4997-811a-b5686269929e","6b8c97f75a73331333a96df9576daf592e22dff9cad1cf6ee0cf61dfee22793b"
"122","obasanjo-funny-guy","obasanjo funny guy","Obasanjo is so hilarious","Male","","c136a120-a339-4080-96ca-1c93845c5848","a68008e9b077475cf97724450f9486b1b41b39d48eb10bce0f13f73a03139b6f"
"123","yakubu-village-chief","yakubu village chief","Yakubu is the village chieftain","Male","","5b0c0d26-d204-4264-b579-081ff9df935b","a849d428d58f1d6994dad178009498be7e2adbb9fc765927c379f66e3a2f3a66"
"124","abacha-loves-smoking","abacha loves smoking","Abacha loves taking pipe","Male","","8ac6d95f-0cf3-4f54-9cf2-be8834b3004c","529de1c0305f9f8d9f476fec0e80c5c30c5b36554abd4faaa4ecb45366163dae"
"125","johnathan-good-leader","johnathan good leader","A very progressive young man with positivity","Male","","241e3713-4ce3-48d0-827f-b282ae2db6c4","63910282845b9bba167d038a6b000db18067a63ce4f70d4d15f5763652d5f39a"
"126","johnathan-genz-kid","johnathan genz kid","A child of the moment , all fun and cruise","Male","","90c0ae09-a35f-42ad-b93c-dcf30169acd9","fbf3e39ecc59c4f2bab5ec4bb716d33a802b325b32aa7239c47257ccb2ee460a"
"127","eddy-the-community","eddy the community","Man of the people","Male","","5cabf9d9-882b-459e-9253-8c07eb045e2d","04876695a89b459ac77da9e36cb2bf800692ca2f2fa23dcd9e6aba64798170d9"
"128","olu-the-oba","olu the oba","The oba of Ofuk kingdom","Male","","04c4b28a-aca0-44b1-a064-ed0d9d2a31ca","ff1012c4613bb325302db498fab7cdd021ab59d9af1ed40884b18a9831d25d96"
"129","edu-the-biggest-trader","edu the biggest trader","The biggest merchant in west coast","Male","","48d1de5f-5f3f-46aa-b2fd-68420a8e802b","aa5c023926400c50f835869510055f3be1d2674a01628a3074619ad703405b68"
"130","james-importer-and-exporter","james importer and exporter","Sole importer and exporter of spare parts in Africa","Male","","22541251-022f-480c-8c1e-cf754dce16d6","3b23280b8b8ad96be9c00182b985f5d189c9cdb59210447bf82706861eaa0eec"
"131","lanre-the-dreaded-guy","lanre the dreaded guy","The wayward tout","Male","","66a054cd-5541-4000-98aa-8f2e9892d880","69bcad1c99cba32b9a452772021be48b9f5153c47fa84be69badb62c016a1787"
"132","olamide-the-street-boy","olamide the street boy","Friendly street gang","Male","","d50a35b1-b42e-4e0c-8dd8-9b892b56d371","5b7fe7922c453bac73cb89df40f6c99af3a857054dcc0edaf86567d3000777d0"
"133","uche-peace-loving-man","uche peace loving man","A man of peace and discipline","Male","","6c9d6eae-2ea2-468c-a2c8-928aaafc084b","623c15a58191c95dffc41401f5840c91c488910792319f61852881d999670dc7"
"134","dave-the-tech-bro","dave the tech bro","Dave the web3 geng","Male","","c0857b11-bf0e-46a4-9108-b8eb93d83e74","d0a20694813c9b1007d47a6d48b1e2b041b57a4c5f0a3a1a1ca41dbfc7b64890"
"135","obi-the-biggest-humanitarian","obi the biggest humanitarian","The biggest helper during the pandemic","Male","","201a408c-7a2e-42d9-a62c-0136c885c211","de31e6a3b265677de29cb65a983a4a5992ac8ced6e1010cc1c5296a1cf664927"
"136","precious-the-emotional-girl","precious the emotional girl","Soft hearted and sensitive precious","Female","","b6a41ff1-51ce-42f7-9933-85d0a22ced68","be7b653672ed8f29a81f0005901a91b1c4f42d03bb1a3d9cbcb63fe305ee6e83"
"137","ella-serious-minded","ella serious minded","Ella a dedicated young lady","Female","","04036447-f43e-4bfb-9503-f55c9064b14e","12c0259c59cd0d24b04b2d70e4e95e7da1a205f0f8b78e99d34f08df974f0f95"
"138","cynthia-cute-eyes","cynthia cute eyes","Cynthia with a priceless cute eyes","Female","","5d12847b-6d71-4691-8337-2e6ef3e283b2","3a33312b9d7184896484ca671ff594b6c0f7cd3b220894b63cea2177b4ef3d19"
"139","mary-with-hair","mary with hair","Mary with her beautiful Afro","Female","","98035e8b-6540-4464-8a3c-fdac9f07b168","f50448690b7fb6cf0a9fc71a0c489854af7f168786eaa536eb64fb2ab2435900"
"140","ada-chewing-bubble-gum","ada chewing bubble gum","Ada always chewing gum","Female","","15309dc5-e483-4658-b503-db85ba2c1722","9d008610c2e66441aeb4d14d74f9b88232f4b0b58e93c7f215092284e06b9046"
"","","","","","","","e3b0c44298fc1c149afbf4c8996fb92427ae41e4649b934ca495991b7852b855"
"TEAM PLUG","","","","","","","e3b0c44298fc1c149afbf4c8996fb92427ae41e4649b934ca495991b7852b855"
"141","viganem-the-drummer-girl","viganem the drummer girl","she loves jumping a fence to play drums after school","female","","5a5a6f5c-39f3-4beb-ab74-60d3c7a90fd4","b1be7c216451a54293eec0eb2657ff88b681b89510bbd052dc8e73f190a03e32"
"142","lenusuka-the- big-woman","lenusuka the big woman","The lady that loves spending money and buying everybody asaobi","female","","e564a43a-ef77-487d-a88e-749d20a09fd8","0802c755bcf36dd0c9522389f6afaedd7507584dfd540cdfe88c5943853c794e"
"143","enepua-the-clout-queen","enepua the clout queen","The lady that travels all day and enjoys snapping food at restaurants","female","","6dc7e452-0626-4f4c-a28c-f5db3532e305","21c2e72ce4ce9b7d7811b8df66557444ddfa58575abc68898fecdb71c49edbf6"
"144","usifong-queen-of-mushin","usifong queen of mushin","Changes her hair every 2 weeks and cannot finish one pure water","female","","221263d0-8775-49f8-bbf8-4b08b49e1482","69ff7ec6684ab9f9955acc2d116627e1349ee213e649f5481f685cefea3097d5"
"145","akinyim-the-agbaya","akinyim the agbaya","Always playing with small childrens and mostly small girls","male","","c1070dce-48a1-4ae8-b9a4-d070859a8377","3f0b44d50ea465b60d742c77a7a2f839fe3754b2c395b652125a5f972190d242"
"146","zawadi-mr-sleep-everywhere","zawadi mr sleep everywhere","Likes sleeping in the weirdest places especially in clubs","male","","c22489fe-574b-47f3-9667-c9c798b2d4df","4a430eed44b9bb0168bdb5ddfd400a954a358d6e84131a98cf54f1ad0e54e3d9"
"147","chepkirui-mr-self-love","chepkirui mr self love","Likes taking care of himself and spending on himself","male","","1a91e778-d214-476b-a667-94e9ecb8b5ce","48273099ca69e72702b973f9ea03da35aab4d6d79ff23755b3528b897a64df84"
"148","naserian-mr-fear-fear","naserian mr fear fear","Has never slept with anyone and can not kill cockroach","male","","8177cf38-8284-4eb4-b19c-04473bcb3b5e","f93bbce87f85d627dff15b5161bbaf404548ea2af0bdef2b5bf3343f074ceb49"
"149","wawuda-the-ashawo-of-africa","wawuda the ashawo of africa","Brags about his body count and follows skirt anywhere","male","","0554bf35-f588-4009-aafc-ef875b878c29","64692c1dab57f1ce34ecdfc52c1d07182622be5591e5a2533f2ef944a3155a7b"
"150","kerubo-the-igbo-smoker","kerubo the igbo smoker","Loves only his igbo and is happy when he finds an old blunt","male","","33ba8e73-7949-4bc7-ba27-37ee1d573946","0445e561206d99d4093cc3e98dd5f1fd4e514e4b6a449c40a363be0f34ad03e5"
"151","rehema-the- olodo","rehema the olodo","Failed primary 5 eight times and like playing football after school","male","","1fb33783-4898-48cf-8a73-f81afc71e1a8","9495a44a7d142795f167620f200dc5fc5203c24d1f98235e807f202a8aa28d82"
"152","nekesa-the-brainbox","nekesa the brainbox","A proposed elite who cannot write a simple speech","","","7ba909bd-19a1-454d-a86c-a45e85cb94a6","01a89a6c8dc1906540253921cb808caf0a017d996cd6f6e8938807c0cf17eed7"
"153","kiokoli-the-slowrunner","kiokoli the slowrunner","Always running in every race but never making it to the first 5","","","d7027b6c-ae53-4cce-b80d-67aeb7ceb1ba","16e04861a27b84ee1885048a6c36bb3d2d7e7b9d734abe3b20c6a9b757030f00"
"154","adjuani-uncle-wire-wire","adjuani uncle wire wire","Mugu money spender that loves spending on women extravagantly","","","36cd959f-d280-41f6-af76-765715c72527","51d62402c7e82b5a2833c26c295159750ee85dc5c3b05a1e8a9d2df26c476301"
"155","ajobaru-a-serial-killer","ajobaru a serial killer","High end assasin who cannot survive a day without sex","","","9d262f55-73d7-4b95-9a82-42356dbb085c","3bc0c5b9f7de3fab68f4e54e27429964697a836431be51b2f4e1f53c718901a2"
"156","effiadem-the-fireman","effiadem the fireman","A retired military general who always loves shooting at sight","","","a4534fe0-b5ed-41ab-af72-1f2d0ff0fc64","26d8486b394460c5f9e12e2a80800f07ea1aeb85f802b77728b595f50b3558c3"
"157","deladem-the-commandoo","deladem the commandoo","The nerd who has watched all war movies but cannot fight a kid","","","88106b92-da30-46ad-a3cc-d528683b9e33","1d0c46ce71462ca7f0eaddfe8d9ad77a9714e2f66b46c7622643023a4402ccff"
"158","dogbeda-the-monger","dogbeda the monger","A fisherman who pracitically live in the river","","","66a09968-cb92-4378-a588-49947f68c537","5ac503238a9a85ab8faed1965f1637d98f55ea38a699af58ec8655b500a0815c"
"159","enyonyam-our-slay-mama","enyonyam our slay mama","Posts new pictures everyday and can snub for africa","","","5e7c7f9d-d631-4759-9b27-cbaccd33d39f","913873f98bf0d10130a30aadd00c3ab1482f919e1f566367aa2824a38d209b32"
"160","lumusi-pro-technician","lumusi pro technician","The electrician well known for wiring burnt buildings","","","b07676a6-c611-410d-8426-46c9c525189a","ca035c7eaf128b90edc4ceba96f781cab69a9efbb35ac9dba088d00099b96de5"
"","","","","","","","e3b0c44298fc1c149afbf4c8996fb92427ae41e4649b934ca495991b7852b855"
"TEAM HEADLIGHT","","","","","","","e3b0c44298fc1c149afbf4c8996fb92427ae41e4649b934ca495991b7852b855"
"161","funmi-the-fashionist","funmi the fashionist","funmi enjoys fashion and she always takes opportunity to showcase her wardrobe","Female","","4f9d99a4-78a2-4fdd-bc30-b027600fa88e","26ab4b9d1cf35a63ddb63cdb0d7598d617f434ec86a5a37dbeb3dc2eb9b38424"
"162","bola-the-funky","bola the funky","Bola is a funky fellow but she has another personality no one knows","Female","","ac721b71-cbc5-425c-851f-ee826973f0b9","c0c5c91adff304fc233c8768248ce67c787e0368c76c388d1612fbd4657221db"
"163","bimpe-the-runzgirl","bimpe the runzgirl","be careful with bimpe, she can run you strong thing","Female","","eaa7662f-6926-468a-9add-e791916ae42b","a328a5dbf2cc023c8ce46d317e5406f0bb1eb90720d3fa1046746efcc13b6368"
"164","sola-the-queen","sola the queen","sola is a princess. she's got the mind of a queen","Female","","d5f23ad3-832a-4d3e-814e-e23f466d18a4","736fcea76e775dea2f33fedf4f23990d838736108eca7e207efdf1b08eed717e"
"165","temi-afro-girl","temi afro girl","temi is know for her funny haircut. this time, afro is up","Female","","4f9d99a4-78a2-4fdd-bc30-b027600fa88e","26ab4b9d1cf35a63ddb63cdb0d7598d617f434ec86a5a37dbeb3dc2eb9b38424"
"166","jonny-the-bravo","jonny the bravo","jonny is our local police. he breaks boys free","Male","","2b345988-b4b0-453b-ad39-efe1321bc8f1","9d77dc12e395fb12eb84ad5feb10b6295eba5aab78fd597011038e9b657efc8f"
"167","tunde-the-bigman","tunde the bigman","tunde is the big man on the street. flamboyant life style is his identity","Male","","56db423e-8b09-453e-b5fc-61f4da9d7a6f","774e4dab0f9d8eb68599b527b8fc2986439c6e50d31e2c00ce273596fa10be8c"
"168","joe-the-plain","joe the plain","plain and simple. no one in town is more gentle that broda joe","Male","","7a3083bd-5aa2-48b5-a30b-4445cc060f57","e3307401fbedf3c363064e76ccdca62d6f01ab5a7faf824b49d0806bd125d2df"
"169","wale-sharp-guy","wale sharp guy","wale no de carry last. the thinks and act fast","Male","","44906ea0-901b-4b3d-802f-f73acc8758f6","83c5dc57c1a8caf045103da476acd959154a13881898efcce1fed9a9b4e47e5f"
"170","dele-the-snoozer","dele the snoozer","if sleeping were to be a job. dele will be the world busiest man. set a bed in a fury furnace for dele, he'll sleep.","Male","","4f9d99a4-78a2-4fdd-bc30-b027600fa88e","26ab4b9d1cf35a63ddb63cdb0d7598d617f434ec86a5a37dbeb3dc2eb9b38424"
"171","father -of -tolu","father of tolu","baba tolu is a proud father. he will sell his soul just to see tolu excel in life","Male","","a2651258-ca3f-4940-b095-3a61ff630263","e44728d51b5bb64528715d5dd830ce40f8147a9a85f030c359eae8c21f61fc48"
"172","emeka-the-chief","emeka the chief","chief emeka is the pillar of the community. just and fair to all. the real mazi","Male","","de25fd63-dafd-4f77-8072-7ac0ae3a3ab2","28469e0de69286e94e1ad9fd1cb34e38fac1b6fced4d163507aa3ea2d3b9e5d4"
"173","lawal-the-drooler","lawal the drooler","lawal has only 2 business, alcoholism and alcoholism. it's only normal for him to drool afterll","Male","","806b640f-1c8b-4cc0-aa10-45f3ddc00140","05717cfb68ec1e8dd9ec658b22725acee3ba0e1e55e65517720594bb8ccfa55a"
"174","solo-the-messenger","solo the messenger","solo is a multitasker. you need anything done in your home, solo is your guy","Male","","44906ea0-901b-4b3d-802f-f73acc8758f6","83c5dc57c1a8caf045103da476acd959154a13881898efcce1fed9a9b4e47e5f"
"175","femi-the-honorable","femi the honorable","honorable femi is the modern day politician. everything he does is only to further his political career","Male","","af53bf52-b517-4347-adc6-07cf30c19025","362b67a5878bbd4334fe995c8be65fff9a89b804a5da0f487dded0b5d9f88f41"
"176","friday-the-bigsboy","friday the bigsboy","friday always live up to his name. every friday is for the party.","Male","","05ec3aae-7da8-4125-93fb-6fc544e5bc61","26ee3105dc0fbbe48534979c91d5b76593e0d71c90656fa703ea8e0fdf495079"
"177","kweku-the-planter","kweku the planter","kweku says he did it. kweku dey plant Igbo until he was bursted","Male","","af53bf52-b517-4347-adc6-07cf30c19025","362b67a5878bbd4334fe995c8be65fff9a89b804a5da0f487dded0b5d9f88f41"
"178","2pac-the-remix","2pac the remix","2pac is alive in him. his style is exactly the same. upcoming artist","Male","","9993e5ec-2f31-485c-9c6d-f780c078ae56","d61367f184812c9404a5be5d261e2a56a19201d90f61739fbcd865ff02b184c1"
"179","tope-the-influencer","tope the influencer","tope is a famous influencer. loved by his followers which keep growing everyday","Female","","3b3e1f66-922b-4f87-8cdb-0d09fc143182","f36dc4a59f00b9e3632a2ce9b8758631908c5905c3049e223ebe9126721b2b60"
"180","gabby-the-evangelist","gabby the evangelist","evangelist Gabby, blending gospel with comedy. he's going places","Male","","ac721b71-cbc5-425c-851f-ee826973f0b9","c0c5c91adff304fc233c8768248ce67c787e0368c76c388d1612fbd4657221db"
"","","","","","","","e3b0c44298fc1c149afbf4c8996fb92427ae41e4649b934ca495991b7852b855"
"TEAM CRANKSHAFT","","","","","","","e3b0c44298fc1c149afbf4c8996fb92427ae41e4649b934ca495991b7852b855"
"181","beauty-of-town","beauty of town","She is the most beautiful in the neighbourhood","Female","","7241a1be-59da-11ed-9b6a-0242ac120002","40ef91307b5e99cf65c369e8b7599f525052b250fdb4ea9e95e5f4a4a9b66303"
"182","lola-babe","lola babe","Looking hot as always","Female","","7241a664-59da-11ed-9b6a-0242ac120002","76c13518897245b547e5f24723262778eae1de2ec41b1323630f107537607884"
"183","cardy_h-sharp-babe","cardy h sharp babe","Cardy is the sharpest amongst her friends","Female","","7241a7c2-59da-11ed-9b6a-0242ac120002","f938e1b59f58fdd22518433e681c4e7f85ab3aa5b9a4210bd5d7f7142c6bb03d"
"184","bella-the-baller","bella the baller","Baller for Life","Female","","7241ad26-59da-11ed-9b6a-0242ac120002","cc3329d93a441ba62ee9cda334ea466f8fed378633259a29cd49f001e3d1a575"
"185","milly-of-roses","milly of roses","Her lips so red like a rose","Female","","7241af92-59da-11ed-9b6a-0242ac120002","38eb709d0c6c1540aa8d81875caf0a706a6918d82d70b4efa1523ae315223479"
"186","Preciousjada-the-viper","Preciousjada the viper","Her words stings likes a viper","Female","","7241b12c-59da-11ed-9b6a-0242ac120002","a9df64c775650b441dea5c01d77b3703e4d850a77ac27f8a871a73332714fdcb"
"187","lolly-of-NY","lolly of NY","Most popular in NY","Female","","7241b2ee-59da-11ed-9b6a-0242ac120002","878245adda4b8031ad327944a253d44daa7e7285060feb731ae072149b75647f"
"188","Disy-the-dancer","Disy the dancer","Dances her way into any show","Female","","7241b4c4-59da-11ed-9b6a-0242ac120002","c182cc1e431e82975824eb7e95be1738f983a7f32ca6facdce726fcadfb31b16"
"189","Jenny-the-great","Jenny the great","The greatest of our time","Female","","7241b852-59da-11ed-9b6a-0242ac120002","d044c01caf0be41504b7b29afacdf70942a287616bf64e37d68ced577c3454df"
"190","lolly-the-pop","lolly the pop","Seeing lolly makes me pop","Female","","7241ba00-59da-11ed-9b6a-0242ac120002","ad3a2e377b7f27bdeda7ef3b718a8f96b1c54f16259294712a0ab2c5ccaca0fe"
"191","disy-the-queen","disy the queen","The queen in her own space","Female","","7241bda2-59da-11ed-9b6a-0242ac120002","4f622e68345dbebbd72aa086dac4adf352ef7c46a555dafc0e34a47d8966778f"
"192","JennyP-of-Lagos","JennyP of Lagos","A well known celebrity in Lagos","Female","","7241bf1e-59da-11ed-9b6a-0242ac120002","d66b1017ed008c01deb3770be3bba77c7f3f403feee53554cc6686b809d3edec"
"193","Jada-of-life","Jada of life","Her business signature","Female","","7241c202-59da-11ed-9b6a-0242ac120002","063cf02df13980b978ce63ae2b31c025a1f864c8c296fbb8fcc61f7a945f32ac"
"194","Sandy-the-rapper","Sandy the rapper","She just loves to rap","Female","","7241c342-59da-11ed-9b6a-0242ac120002","f9bd77c0daf95334baa2f5bb1493e065c4cb3f288d57e791ba6c725c6b6f3615"
"195","Dahila-the-genius","Dahila the genius","The genius in the family","Female","","7241c4fa-59da-11ed-9b6a-0242ac120002","1196db6a4f7174bc76da292d05c8a112eccd27d3f42c45c2f7ba038984ae799e"
"196","Rosemary-of-Yaba","Rosemary of Yaba","She has a cloth store in Yaba","Female","","7241c61c-59da-11ed-9b6a-0242ac120002","365b4fbf1efbb20c75ead0a3a19f70a21608dd2f8e9c5e2951e6d105f06a3921"
"197","Jennifer-of -island","Jennifer of island","She goes on vacation to the island","Female","","7241ca18-59da-11ed-9b6a-0242ac120002","0b3299fd69e627bcb56f8d33fdd0ae64657596c8622ce623b5740007dc9eec7d"
"198","Opeyemi-of-lekki","Opeyemi of lekki","Opeyemi lives in lekki","Female","","7241c8e2-59da-11ed-9b6a-0242ac120002","7577d3ac9ed4b7586a77b46ed9a0eb92ecf882b22250211332ce8760de1b5245"
"199","Vicky-the-artist","Vicky the artist","Brings life into what she draws","Female","","7241cb3a-59da-11ed-9b6a-0242ac120002","e2f9f629c6d7ada5cf654c169b8f678eedf4cf576623505b1acec8796cf3fade"
"200","Afrogirl-sailor","Afrogirl sailor","She loves to sail the ocean","Female","","7241cc66-59da-11ed-9b6a-0242ac120002","81bb58581dd974f501569faab669f3843ca1d63e6029c02ea2af8f6232f097af"
"","","","","","","","e3b0c44298fc1c149afbf4c8996fb92427ae41e4649b934ca495991b7852b855"
"TEAM GEAR","","","","","","","e3b0c44298fc1c149afbf4c8996fb92427ae41e4649b934ca495991b7852b855"
"201","","","","","","","e3b0c44298fc1c149afbf4c8996fb92427ae41e4649b934ca495991b7852b855"
"202","","","","","","","e3b0c44298fc1c149afbf4c8996fb92427ae41e4649b934ca495991b7852b855"
"203","","","","","","","e3b0c44298fc1c149afbf4c8996fb92427ae41e4649b934ca495991b7852b855"
"204","","","","","","","e3b0c44298fc1c149afbf4c8996fb92427ae41e4649b934ca495991b7852b855"
"205","","","","","","","e3b0c44298fc1c149afbf4c8996fb92427ae41e4649b934ca495991b7852b855"
"206","","","","","","","e3b0c44298fc1c149afbf4c8996fb92427ae41e4649b934ca495991b7852b855"
"207","","","","","","","e3b0c44298fc1c149afbf4c8996fb92427ae41e4649b934ca495991b7852b855"
"208","","","","","","","e3b0c44298fc1c149afbf4c8996fb92427ae41e4649b934ca495991b7852b855"
"209","","","","","","","e3b0c44298fc1c149afbf4c8996fb92427ae41e4649b934ca495991b7852b855"
"210","","","","","","","e3b0c44298fc1c149afbf4c8996fb92427ae41e4649b934ca495991b7852b855"
"211","","","","","","","e3b0c44298fc1c149afbf4c8996fb92427ae41e4649b934ca495991b7852b855"
"212","","","","","","","e3b0c44298fc1c149afbf4c8996fb92427ae41e4649b934ca495991b7852b855"
"213","","","","","","","e3b0c44298fc1c149afbf4c8996fb92427ae41e4649b934ca495991b7852b855"
"214","","","","","","","e3b0c44298fc1c149afbf4c8996fb92427ae41e4649b934ca495991b7852b855"
"215","","","","","","","e3b0c44298fc1c149afbf4c8996fb92427ae41e4649b934ca495991b7852b855"
"216","","","","","","","e3b0c44298fc1c149afbf4c8996fb92427ae41e4649b934ca495991b7852b855"
"217","","","","","","","e3b0c44298fc1c149afbf4c8996fb92427ae41e4649b934ca495991b7852b855"
"218","","","","","","","e3b0c44298fc1c149afbf4c8996fb92427ae41e4649b934ca495991b7852b855"
"219","","","","","","","e3b0c44298fc1c149afbf4c8996fb92427ae41e4649b934ca495991b7852b855"
"220","","","","","","","e3b0c44298fc1c149afbf4c8996fb92427ae41e4649b934ca495991b7852b855"
"","","","","","","","e3b0c44298fc1c149afbf4c8996fb92427ae41e4649b934ca495991b7852b855"
"TEAM TAPE","","","","","","","e3b0c44298fc1c149afbf4c8996fb92427ae41e4649b934ca495991b7852b855"
"221","hng-newbie","hng newbie","A confused hng participant that cannot understand her project","Female","","0ddbd22c-b3bb-4c72-9f51-0361480bbfa7","58b658ed22fdb0bafc95f4f196d89c07d12a8b3e4054225bf16f750305c36c46"
"222","nene-caroline","nene caroline","A housewife that loves taking care of her family","Female","","4ce5bcf3-d4ed-4277-8187-cb1797c1ac7e","c96d36c12373dd98dc0abe1aec5431ee603bed31a478654271b4825a282dd935"
"223","wazo-partystopper","wazo partystopper","A Nigerian aunty that loves to attend owambe parties","Female","","77237cce-bae0-4d60-adad-27055f0eed39","ba73663bd76580dfc66016211fb4157fd85d239f07dc1302880b360f0a92c37a"
"224","melanin-janet","melanin janet","A young lady with a soft personality","Female","","a5a2854e-a850-4b15-b3c3-176a79b2d34b","b7483425761f391d3b7645976e83f6ec0b0a3254c1543230ad9a1da71bc54476"
"225","leo-sugarmummy","leo sugarmummy","A middle age wild yankee returnee","Female","","7ec03993-f500-4a41-aa3c-a73df7a0fbed","c67b7189a74df37933204f57b08a312899eebf89b289a5c3338f0462865909a2"
"226","novice-joane","novice joane","A princess worried about finding true love","Female","","a5d49163-41b1-43fe-ad7f-0c78ef530b1a","117c785aa86c5706bcf6bd8e03a7d0d6657df0c55c0db4625a0cf24a6cedd72a"
"227","goofy-simbi","goofy simbi","An eccentric teenager that loves music","Female","","df7dc588-f99c-4592-84f6-08b40047d9d1","6207a0ea7ccc53d93cec7b792a4e255d4baa0e9be33ae6aed9e022a4a81c134f"
"228","akwaaba-ghana","akwaaba ghana","A depressed gothic introvert","Female","","d1e8b38b-994b-487c-890b-9034d3ab7dcb","8a3156927277f4badf484c33e4ec0327f16aaae420b1a4343877eaba16883c36"
"229","aunty-toyin","aunty toyin","An oversabi family member","Female","","1326ef4b-224a-497e-9452-e63a4486e387","39083e8aa87bf60750648721b663dcf03152ba9e3aaf9eef9a044c153c76a21d"
"230","pretty-hauwa","pretty hauwa","A young bride involved in an early marriage","Female","","7c771f82-a512-403c-91b9-6736318a8796","279cbc2b5f22e7d36d9fa77deee86abfab030dda5ce0ae3169381decfd88989d"
"231","chimamanda-enugu","chimamanda enugu","a young lady born during the war","Female","","eaad5c98-3f85-4480-9c4e-b73340cfba4f","a7f4361f772206e8686a0de81b1b66c3dcdb291e636a2f7ea043e2ed1fcbf447"
"232","kente-solape","kente solape","a respectful and diligent princess","Female","","613ce65c-4b16-43f8-a0d9-b5ea8c5f2195","e9b5b46e6e03fcb1518c137fc6f79cec9bbd1d278a6a4020a1e9a021075dcc28"
"233","vamp-karishika","vamp karishika","Queen of the darkness","Female","","c4ee8a54-0874-4a7f-8344-dea8ba41f5dc","82b12d7f4f3aa2d49b337cbe950d8550553cab73491a3c5c13aa23658633dafd"
"234","genz-monique","genz monique","A sassy lady with her own vibe","Female","","b5328f13-b918-4e76-8d4c-8b4aec5eb5fe","df098830acecbff7ea471a850ffaa8c2f9bb272de4d8fb321e11ab16c74020ae"
"235","femi-boltz","femi boltz","A driver hustling his way through life","Male","","03e8d36d-5bdc-4da4-8f64-c1738eb9d1db","ff3027590126777e15d54058d9b0c6510e9c66e4afb89ae9e4ce26b523bd0ef9"
"236","agba-tech","agba tech","A tech bro that loves to party but has bad communication skill","Male","","403f28a0-6aa7-4f80-997f-b0982c169baa","5e1ba327245e2cd435902c880a7d8d113c44700fa6fd53e01fc21e2e3eb7bf48"
"237","brian-richkid","brian richkid","A trust fund baby that does not know how to manage money","Male","","9d945d79-dd2d-4755-b9c7-bff837be8557","1f27f7f65c33f78b72149003159c3720c6a3f4da31378e3f2defaf3ac06a4bf1"
"238","nandi-zulu","nandi zulu","A fierce African Queen","Female","","09702bc0-d10c-48d3-a1e9-2aaa4e9f3f39","98cf6bffcb14e57b45f79fa53d57a471bf2a91330f0425a37a16bb9c64adb714"
"239","ade-demon","ade demon","A lekki playboy that makes money from crypto","Male","","0be2d50b-3e57-4e39-a199-b211d2be860c","e81aa73e760453db4599afe8b3f6f58ee18878aa43e403839ae946bbbe230b2a"
"240","karim-rapper","karim rapper","A young and proud Lagos rapper","Male","","169b58f8-b84a-4ab3-a4b6-d1c5b36aa1d3","354fc9e7c0768d154ecf16e29fba78d4fc8e45067812589f1f80cfe92a7d812c"
"","","","","","","","e3b0c44298fc1c149afbf4c8996fb92427ae41e4649b934ca495991b7852b855"
"TEAM AXLE","","","","","","","e3b0c44298fc1c149afbf4c8996fb92427ae41e4649b934ca495991b7852b855"
"241","bobo-alinco","bobo alinco","Alinco always in the mood for play","male","hair colour: dark brown","ede853c4-5abd-11ed-9b6a-0242ac120002","1b96e27c10c033841e97b618456304d799cae08ffd84aa923ff6e95913a7bdb3"
"242","chi-lastborn","chi lastborn","Baby of the house, the lastborn of an average Nigerian family","female","hair colour: d","ede85964-5abd-11ed-9b6a-0242ac120002","705d3fea200c858e69329bdac3df2c2b4ac74b9d4c58d13a182a56462ddbff02"
"243","uju-robo-robo","uju robo robo","An aso-oke business woman at balogun market","female","accessories: ankara beret,","ede85f90-5abd-11ed-9b6a-0242ac120002","f4815d191f2557241def109bb4c03a0a9b4d3caaabdfe2ec9eca1209bd56ed87"
"244","yetunde-anifowose","yetunde anifowose","Old money lady who was in UK before UK was UK","female","accessories: tobaco pipe,","ede861b6-5abd-11ed-9b6a-0242ac120002","ea1fb234a10eec048cbaff1464e5775bd2deeb8ea4e3ce21f6d54544a275175f"
"245","dumebi-jjc","dumebi jjc","Innocent 100 level girl wey never spoil","female","","ede865da-5abd-11ed-9b6a-0242ac120002","2c513717ac1544a38606141c1eb695fb710709de3b72f939525edcf381bc16e4"
"246","ukwu-nengi","ukwu nengi","Well endowed woman who will always make heads turn","female","","ede86800-5abd-11ed-9b6a-0242ac120002","3ae5e68a4a4d45968116bb22a19efc1c0a0c06574f566be9f5c32c552db8b1cb"
"247","nonso-malay","nonso malay","Man on the move. It is either ego, or money my bloder","male","","ede86a12-5abd-11ed-9b6a-0242ac120002","afc5bc37e1a2ebb9adac6a5e45f5c5316fe17437beb141a2520cdc7ce9884fca"
"248","saro-texaco","saro texaco","An oil tycoon who dominates","male","accessories: cap","ede86c2e-5abd-11ed-9b6a-0242ac120002","8c77bb244d4e53022a8a1d8690ad7b8f182b65351ccbe4f546b79c48ce72ab11"
"249","akpos-agbero","akpos agbero","A Warri boy always in the mood for violence","male","accessories: cap","ede86e22-5abd-11ed-9b6a-0242ac120002","f68120f53e16992a027c4501eaf109ee313bce785bd3c975d5a8ecba1b1e25fa"
"250","kasali-danfo","kasali danfo","A danfo driver popular for his positive outlook of life","male","accessories: cap","ede86fbc-5abd-11ed-9b6a-0242ac120002","4d99b9487e4112c887cb8f7f5d6f3453e46e3dbe166f745b4e05d1de282dbbab"
"251","osaz-benz","osaz benz","an Internet fraudster who hails from Edo state","male","teeth: gold","ede87fca-5abd-11ed-9b6a-0242ac120002","1c948af57281b3676bcd44a12e768b43d2dbecf477362698ec19dd518fc6d6bb"
"252","kareem-kasanova","kareem kasanova","Abuja big boy who knows he can get any lady he wants","male","accessories : cap","ede8820e-5abd-11ed-9b6a-0242ac120002","e8ed89696ef58dad9d07aef0a4b3c52cd7f1e5e31863ed5b4eb5f040cd55252e"
"253","mayor-of-uyo","mayor of uyo","Essien is a top Lagos businessman who hails from Uyo","male","accessories: cap","ede883c6-5abd-11ed-9b6a-0242ac120002","52767ae65a0aafa2ad516e4178131f7814bec95f601586e07a1fa4beccaf77cf"
"254","chinedu-china","chinedu china","An Nnewi blooded spareparts importer and exporter with goods from china","male","accessories: cap","ede885f6-5abd-11ed-9b6a-0242ac120002","7de6f28d266c7c1691e3125c3284a4e63ae053e3ffda86a47f89e9b6860b0135"
"255","papa-ekene","papa ekene","The oldest man of the Akwauzu clan","male","accessories: cap","ede88808-5abd-11ed-9b6a-0242ac120002","be36ea8bfe12a89bb260ed0b499355914cf4962238c9e7c24bd55efbbdb8fa26"
"256","ogbeni-rauf","ogbeni rauf","Minister of enjoyment for Freedom state","male","teeth: gold, accessories: cap","ede889fc-5abd-11ed-9b6a-0242ac120002","e964c1ae8490ab923853d0ed8dc4438a3bd9f659bd0377a06f95b8a1faeae8aa"
"257","koffi-banku","koffi banku","E be Charlie wey no dey use en stomach play","male","","ede88c2c-5abd-11ed-9b6a-0242ac120002","1a461c5ec78871539e37876fe268edbca240cf82d370a63e048295ddaec3d0b7"
"258","alhaji-bello","alhaji bello","Rich hausa business mongul controlling half of cow production in Nigeria","male","teeth: gold accessories: cap","ede88efc-5abd-11ed-9b6a-0242ac120002","22139879ab577e1a1fa330662e309bf3c9a6dcbf28e77e56aa2e1d955e8cd505"
"259","toju-mafejopami","toju mafejopami","Toju is a street hustler wey no like stress","male","teeth: gold, accessories: cap","ede895d2-5abd-11ed-9b6a-0242ac120002","0e3434da1513618aee15384b206c1740597b691a27a473cc8d8102180952598d"
"260","femi-maserati","femi maserati","Rich kid who resides in lekki, known by everybody because he drives a Maserati","male","accessories: cap","ede89802-5abd-11ed-9b6a-0242ac120002","a195f3746d17c400f0c0116ceeba3d38f368d66664befab2c4898963e88f8e35"
"","","","","","","","e3b0c44298fc1c149afbf4c8996fb92427ae41e4649b934ca495991b7852b855"
"TEAM POWERDRILL","","","","","","","e3b0c44298fc1c149afbf4c8996fb92427ae41e4649b934ca495991b7852b855"
"261","Paul-the-comedian","Paul the comedian","Paul trying hard to make everyone laugh so hard and fall off the chair","Male","hair:bald, strengths: calculative, weakness: public speaking","f8112915-64ca-41e5-9ca4-5b60c47d7a01","5430eb0fe57d4674a606530916a5bcd7dd04419e9ef2338e5a86027e838c1b10"
"262","Amina-lagos-housewife","Amina lagos housewife","Amina is always showing the rich housewife vibes","Female","Cap, Eye glasses, face mask, none","5612f542-d85e-4a2c-8661-20553dfd07bf","fd3ba424965c9bae20afe1e2814c2da74d4c0d34c3adc3bbd0d4f8ceea2c4d22"
"263","Kiekie-the-asoebibella","Kiekie the asoebibella","Kiekie is classfied as the life of the party","Female","","097014d5-0ef3-46f5-9a9b-5c01f70114b3","28fa2c00dc9f50972b17a39bab25dcc8a9f6259ad25c29b9d8ab842bc05633da"
"264","Kunle-the-hunter","Kunle the hunter","Kunle goes for the best and hits all his targets at bull's eye","Male","","b0310fc2-4bed-48e5-abfc-566c964786d7","63f5985f2278e0b870427ae88e31873f45564895aff860b95b9e0ca10376f106"
"265","Amara-the-hairstylist","Amara the hairstylist","Amara is truly your one stop shop for all your hair & beauty needs.","Female","","412345b9-7e04-4102-af7c-5458721ac64d","114d9c0e407eb3ac233658f213cc3c475ffa25cdf6f277e24d110bed44d329b7"
"266","Mary-nail-technician","Mary nail technician","Mary makes magic with her press-on nails","Female","","17ea9c3b-c90f-4023-84d6-d563c098b030","84ba0c44f47249e1d6b4bf66f0fd11cef861147eda8d40f57cf492c96c3280b1"
"267","Odogwu-oil-contractor","Odogwu oil contractor","From Malaysia to Kaduna, Odogwu's oil is known.","Male","","b503bbfb-f972-4d4a-9352-e9dfe6671d36","2097bb4a8a49fee8cc377ed9b3a92155ab53a9f2842f47032a275f3a1fc74ba4"
"268","Simisola-the-kenteprincess","Simisola the kenteprincess","Simisola rocks kente even in swim outfits","Female","","45843017-b421-4413-8e35-7a6ef073f2b9","36a0da218f08731e69a76c88efb763adc8a57552d64813ab00c2dc28c1b0b084"
"269","Mariam-beauty-queen","Mariam beauty queen","Beauty is a fairy tale where Mariam appears.","Female","","b7d96d97-84c2-485f-b60e-e4e86c4d3b34","f0323ea1c604ea72f12d22e762b0bf2682a4dcf112ea78b82c9c9f669399e7e6"
"270","Obinna-the-musician","Obinna the musician","Obinna might never be an a-list artist","Male","","afdb0299-327c-46b2-9262-faf90f0fcd12","35bfddf308140d5f67f2ebc4fec47f823a8a7d946ffeec147616729f4cc3ca54"
"271","Sandra-the-shybaby","Sandra the shybaby","Sandra is too shy at parties","Female","","bfed40a8-74f7-4ada-ae18-975130247efa","bb91f5d4541b5ebf269c9c5544cb4038923c681109003d524388994427e508af"
"272","Chiamaka-the-dancer","Chiamaka the dancer","Chiamaka dances so well and earned the Guinness world record.","Female","","43c49497-8d7b-42ef-bb29-769f6c3b0ada","ee40d65d2c1cc38592a29d03af183202456719a2b07041740424c63d395eb4b9"
"273","Mensah-fashion-icon","Mensah fashion icon","Mensah outfits are always giving us Christopher Hemsworth vibes.","Male","","87ada09b-38ac-475c-8d46-18680c2dc795","7f3e48fcdf9783addf5c677e7e82b536c675b366ada06c66ebbcbe099151d57b"
"274","Lucy-the-fumigator","Lucy the fumigator","Lucy is nicknamed the pest hilter","Female","","c7269d44-aab3-41e7-a54f-18a14f575a6b","8f442ecc20b47eb0d35d7505971483f1051ff25b50c5d0d01a705d0cc741cfdf"
"275","Nneka-wedding-planner","Nneka wedding planner","Nneka plans the best weddings with great details.","Female","","31ac6b7a-e378-4dc3-999d-b9e8d8473f99","df17cb8deb0fcc4ef4a853d64e33f12390623de19fbab67287003f380e2cf62d"
"276","Shakira-the-gangster","Shakira the gangster","Shakira is the most feared criminal.","Female","","dbdc1351-aa07-46e2-935f-2db071b1b23d","ecaed305ad47d770bc95efa4f4efaa976e1ec51fd915e5a934b26554f4ee105d"
"277","Lola-afropopping-princess","Lola afropopping princess","Lola licks lollipops like an afropop queen","Female","","2f5cadae-e423-4478-8220-37b3ac144169","9fb988ef950fe504c6ca5b099eff0e4509de514d59579d25290dce4b28606b90"
"278","Sharon-walking-dead","Sharon walking dead","When tired Sharon walks like the dead","Female","","1fc37341-7dd1-480c-a01b-a63bee0a2230","48334428803afbac52bea2c293ca1e9813f786352050b90d3f52349908320954"
"279","Olivia-great-teacher","Olivia great teacher","Students enjoys Olivia's classes","Female","","cfc4419e-bd46-40f6-9654-632ac1138ff1","87b7ce8c37fc25ed22974eef4275c05a8db037aed8eaf0578bf07cba20bb40ee"
"280","Nicole-sleep-warrior","Nicole sleep warrior","Nicole holds the sleep award in our community, she wouldn't wake up at the sound of a detonated nuclear bomb.","Female","","710ae821-4603-4124-bd60-a33b515b3b8d","f4ea1f4a64aab5ad7f8fada25cd03df6a1c61158e63266a1e554a76702514835"
"","","","","","","","e3b0c44298fc1c149afbf4c8996fb92427ae41e4649b934ca495991b7852b855"
"TEAM HYDRAULICS","","","","","","","e3b0c44298fc1c149afbf4c8996fb92427ae41e4649b934ca495991b7852b855"
"281","Busola-the-shakara","Busola the shakara","She is a fashion icon that loves luxurious items.","Female","","ec4a855a-5ceb-4f1b-bbd7-a995aa45e875","57992459b0361b94650c20c9d289c16366efabc5be37b79a877cdf7a53733a65"
"282","Bella-the-artist","Bella the artist","A lady that host a fashion week show","Female","","48772412-dacb-4984-9e82-8d24fe101265","2f7f48ee97188ba6a35b89fc026cd3b491afbcd8d2e7cae567aa522ccfbc8169"
"283","Queen-the-extrovert","Queen the extrovert","A woman who enjoys being high all the time","Female","","1712532a-20d9-4ccb-8582-bffd76c9fb67","d3ad3a6c5d91813d6063c63e4982421dc8eb9f26b79f1b0ecf01f719fab34a8b"
"284","Mary-toxic-lady","Mary toxic lady","A lady who's toxic around people","Female","","bc31af8d-c45d-4797-adfc-596fb22e4e3a","a6e2336cc6aeeb17a6a9fb7cdccaa82329f5408f0a4b2e58280982285690309c"
"285","Elizabeth-the-richkid","Elizabeth the richkid","A university undergraduate from a rich background","Male","","21fad782-1b6f-4c2d-b157-9fdb9355c876","d6c3707c9a21b3e53d1c490e1390bf4e993a83b973bf9fe30b3e1464d1bdbe61"
"286","Larry-the-westerner","Larry the westerner","A Yoruba Man who smokes his pipe in peace","Male","","d4984fa6-dabf-409f-839f-76742ec71500","908df16da7c8e04046db90cb71f7f0c4ba2228795c4149528d388c3813f94e46"
"287","Danjuma-the-shocked","Danjuma the shocked","A pensioneer who got told his bank is on distress","Male","","0187ca7f-f3b1-42ae-9e17-c46d58617608","e6c9748ab450ba09cc514f76ccc65b9663ccfe29779a99a9314b8f14fe20ec50"
"288","Yomi-the-fashionista","Yomi the fashionista","Winner of the Lagos GT Bank fashion week.","Male","","16d256ba-dc4e-4559-ae41-59779f351ad3","df37a99599d577b40fb2f65ebe94f36539ac575180dc2336cec220bfb45de0f7"
"289","Ibu-the-importer","Ibu the importer","A rich igbo trader who imports goods in onitsha market","Male","","d3edc876-3f2f-4699-a376-0787bb06c5d5","3be18910d3434579193faad0dcba25ccadf9eef4594f4ce6dfe738218804367f"
"290","Massa-the-ghanian","Massa the ghanian","A rich Ghanian trader.","Male","","9a9a5fbd-7a3c-469c-95f2-50303c2e9fc8","c9be9409c2211d49c44448ab1b398d7bf5dfda3cd2ce32f59fcaa212d1254b4d"
"291","James-the-musician","James the musician","A yoruba juju artist","Male","","0d4ad447-3836-47cd-8387-066b200cda01","d48c83b42225f4c75cc5c0662864718aa5cd016a15c106fae0dadf011ecb575a"
"292","Gbenga-titled-man","Gbenga titled man","A yoruba chief who is also a car dealer","Male","","dc6c1a39-ec78-44ca-8296-68c6de7b5de4","7055fb38ca5337598b64d53a1b4baf24b0e43b9b2507425c1bba4a4244900f4f"
"293","Abaga-the-rapper","Abaga the rapper","A flashy millionaire and a music rapper","Male","","c428411c-5a06-4b74-bd17-e53b76f9fc6c","ef73a21563965b19e4a71e5b21632ab6319cbbd6819c43f43b8ff53fcccf3b77"
"294","Izuchukwu-the-fisherman","Izuchukwu the fisherman","A fisherman who knows how to paddle well","Male","","15e1caf2-06b3-45d8-9b35-f95965b64e34","6a00c7111c91fe419901ee691f68baa4e4ae4465bed6d66df39b29a328940bd8"
"295","Mark-the-philanthropist","Mark the philanthropist","A London based philantropist.","Male","","b48cbd98-96c2-4ec4-9d17-2c798be5b90f","7454e9d8166dcdb25939a95d930692ec381fce49aa10ca0741344b20020a73ed"
"296","Desmond-the-politician","Desmond the politician","A young politician who just became a minister","Male","","c52d4fbb-622b-4e2b-85a9-1a1d0f3d97d6","6195e950264bd07ed946a46ae9a64d28ce5d803cb1cdf47860a9a23d67416eae"
"297","Okoro-the-bachelor","Okoro the bachelor","A local palm wine tapper with hopes and dreams","Male","","e441439d-49a3-41eb-bf9d-3c7f98c268bf","38561d2caa948bb226a603cdaad0a8365e1533cd0591e66a923a25e0acd25940"
"298","Saro-the-clothemaker","Saro the clothemaker","The yoruba man that stole the king's wife.","Male","","7e10af4e-1252-4f96-83a8-78411e152bae","00516e27b29a32a2c829fb6aa10c9281c4bab34b796c8de501da6e826c425945"
"299","Kalu-the-ichie","Kalu the ichie","A man of wealth with afluence spreading all over the east","Male","","482ab247-73a4-4ff8-9172-732f3d0729b8","776cff01b687773af2332756320f31074c0e5ff17191ee1a8a48b8b5997a4f97"
"300","Tamuno-the-prince","Tamuno the prince","An Ijaw prince who is also the heir to the throne","Male","","108447d1-f2d5-4816-8ebb-599286c3fabf","aadac8ffed9218f064430ae73c4ec1b922408d2948339d8a1098b5439e759650"
"","","","","","","","e3b0c44298fc1c149afbf4c8996fb92427ae41e4649b934ca495991b7852b855"
"TEAM SCALE","","","","","","","e3b0c44298fc1c149afbf4c8996fb92427ae41e4649b934ca495991b7852b855"
"301","wendy-the -banker","wendy the  banker","Wendy loves working in the bank, as she gets to meet different people.","Female","","587645e2-5ace-11ed-9b6a-0242ac120002","21b7cf3971a90031ccd04cd9b1febb470d9b26c31e81089a86013eeee125f9c2"
"302","uduak-the -dark horse","uduak the dark horse","Uduak looks innocent and has the whole apartment bugged","Female","","58764862-5ace-11ed-9b6a-0242ac120002","8f6f08449f728e186aa5e910d2e6ea1aac229a6d8ff092e416d4ca3302f7bec2"
"303","timeyin-the -eccentic","timeyin the eccentic","Timeyin is as eccentric as they come with no care for others opinions","Female","","58764a2e-5ace-11ed-9b6a-0242ac120002","09429e8c841b88a80f5490bb814453700899dc4ea39c52353a69e5298eb1ffe8"
"304","omawunmi-the -businesswoman","omawunmi the businesswoman","Omawunmi is a no-nonsense woman with a shop in idumota","Female","","58764b78-5ace-11ed-9b6a-0242ac120002","91cf69f9d23d4e3b9040b67318c0b19b294f07def904a839acacc0368da5c240"
"305","halima-the-housewife","halima the housewife","Halima loves to bake and cook for her children","Female","","58764d8a-5ace-11ed-9b6a-0242ac120002","9f71212d2307b3eb8245e8e6eccd73c8af87b4fe3b888dd9d3c5a8b1d9bfe5a9"
"306","muna-the -block sister","muna the block sister","Muna loves to tell everyone in the block about her younger escapades","Female","","58764ea2-5ace-11ed-9b6a-0242ac120002","60c0891ee0a49f1cb96d8fc88b7e737ecc61a0dfd32dab69f133417cf8bb9646"
"307","stella-the -gossip","stella the gossip","Nobody gossips on the block like stella when smoking.","Female","","58764fd8-5ace-11ed-9b6a-0242ac120002","b67e34178f127f6107827710d0c7a5e2c00c4573957290372d1e8140444d94a2"
"308","agbani-the-wannabe","agbani the wannabe","Agbani loves to shop antique ndecorations for her mansion in idi-iroko","Female","","5876542e-5ace-11ed-9b6a-0242ac120002","89c626ad4bfb988376865cd60b0bc2006e3db121fa1535544955bf66ff25576f"
"309","asante-the -warrior","asante the warrior","Asante came from along line of warriors in Ghana","Female","","58765578-5ace-11ed-9b6a-0242ac120002","315a4f0b202863dc6d5047d5c073d119ad35f70a1cc7732363c1f5f64601d6ad"
"310","hilda-the -insomaniac","hilda the insomaniac","Hilda prefers to sleep during the day","Female","","5876569a-5ace-11ed-9b6a-0242ac120002","73246952ea88d30fec7621154342d0198161558b9d7ab06c0c6e9d4c993c220c"
"311","sisi yemi-the -street aunty","sisi yemi the street aunty","Sisi Yemi is everyone's favourite street aunty.","Female","","587657a8-5ace-11ed-9b6a-0242ac120002","79d3d746ea41b1e605e3555197c484fbbca7b7be9b16c2e0bfa0d98814b13805"
"312","chiamaka-the -bully","chiamaka the bully","Chiamaka hates people in her business and likes to scare the kids on the block","Female","","587658ca-5ace-11ed-9b6a-0242ac120002","855a6aabe59e4e92eed7e504c9e371d8482b069b1d46eff971eb4fa6e1b30808"
"313","gift-the-fashionista","gift the fashionista","Gift has always been bold and that spreads to her fashion sense too.","Female","","58765adc-5ace-11ed-9b6a-0242ac120002","4a276178db42e96bfa1b6efbce8e4fa258f501ffc34a5d9b7d8675b50511111e"
"314","omoyene-the-weirdo","omoyene the weirdo","Omoyene likes to murmur to herself and talks about seeing ghosts","Female","","58765bea-5ace-11ed-9b6a-0242ac120002","302dbe0095dc9ecbbcb1de2e121eb6f1d97adcc5a8eb353a125ab22ee3d0bf75"
"315","maria-the -freshface","maria the freshface","Maria likes to believe the world is sunshine and rainbows while blowing gum","Female","","58765d02-5ace-11ed-9b6a-0242ac120002","80f508459fc421a898bd623614a18752563027552151f895e96819f128648201"
"316","monica-the -smoker","monica the smoker","Monica is never found without a pipe and loves to interject in every conversation","Female","","58765e24-5ace-11ed-9b6a-0242ac120002","74101c36a1663d9dcc91b6a2e6ff0a2ea3c27746698ba3c7b103b35f2bc21ed5"
"317","","","","","","","e3b0c44298fc1c149afbf4c8996fb92427ae41e4649b934ca495991b7852b855"
"318","","","","","","","e3b0c44298fc1c149afbf4c8996fb92427ae41e4649b934ca495991b7852b855"
"319","","","","","","","e3b0c44298fc1c149afbf4c8996fb92427ae41e4649b934ca495991b7852b855"
"320","","","","","","","e3b0c44298fc1c149afbf4c8996fb92427ae41e4649b934ca495991b7852b855"
"","","","","","","","e3b0c44298fc1c149afbf4c8996fb92427ae41e4649b934ca495991b7852b855"
"TEAM SANDPAPER","","","","","","","e3b0c44298fc1c149afbf4c8996fb92427ae41e4649b934ca495991b7852b855"
"321","Omunyinyi-the-stoic","omunyinyi the stoic","omunyinyi wears a Kitenge coat","male","","c2d6a3ac-1d4d-4268-ba7f-4f0f8f50c1ab","7a03f3d2b845ba14d02ae9aa96d7c67db07ce97cacae40a0bf9db7ec8d93c29c"
"322","Kamau-the-sleeper","kamau the sleeper","closed eyes meditating","male","","20330f5c-40c2-4f6a-b9d8-d1d04fb97daf","2b57d05b1d85a47c619c7242f2f0c055d2f90e5c8c0ba971a2996110d1cfec66"
"323","Mutiso-the-lastborn","mutiso the lastborn","masked up mutiso dozing off","male","","0706c338-42eb-4d26-84ea-c24b39628200","2434cf300a187036b1eff2299473a1489859e7e9bd43bec67986aab80face679"
"324","Omondi-the-vegeterian","omondi the vegeterian","omondi wears a green coat","male","","bfb5e8d5-d7a7-4aa8-85e8-d7d9afd4adb3","6f8f7190008016f8270601c080e35cd2aaefb01a45146ef89fd4b0f18418818e"
"325","Barasa-the-optimist","barasa the optimist","looks up to the sky and makes a wish","male","","2da4bef4-38cc-4414-99ad-7361fac04b2b","15f8fbb37c3faa153037d03bc98c127fc720d7e8613d67bd668a9502e2f73bb7"
"326","Mwembu-the-elder","mwembu the elder","old but not so old, with yellow his favorite color","male","","36181230-6ac9-417f-af5c-23bdd2c25ecb","f80ef2c6b853a3e35e3de7cb0f2a249b9f708c08a0d8e9c17b9b0099edd105b8"
"327","Mbogi-the-fighter","mbogi the fighter","masked up mbogi after capture","male","","3a7bc3c4-1463-42ce-84c9-07337da64435","81674e47bdd8b37729416e0e05987d72ab885ac0a532897bc3b33b51b3e8e56d"
"328","Mrosho-the-runner","mrosho the runner","masked up mrosho","male","","b2ca2c76-3b6d-43f1-8cc9-089b6ab83876","8e821aecbc76ed54c225dacefade8a838aeb73f1e1e422a7fc83c738ffdc4e0c"
"329","Milele-the-african","milele the african","milele with a nice african print in orange","male","","644b0259-d75c-456d-934c-ce7c052bad3a","cdb8876d21129b68ba442df05eb0f4ece166351dc0df8fb7b74c4134d59a5947"
"330","Olebon-the-oloibon","olebon the oloibon","olebon in customized buba sokoto","male","","de261efe-731d-461e-b2e4-42edd2f48f72","ad9be2887d7b17820f659018921cd0b6bd55ff0c7e7590723ff43ea92b291c29"
"331","Chifu-the-maasai","chifu the maasai","clothing inspired by maasai shuka","male","","239933c4-7177-4b5b-86e8-e6f952301344","a39704ac88f24a19b5aec6ff2b3ac68c36afe9973d76d00151d56439a3c896c3"
"332","Mwangaa-the-voice","mwangaa the voice","mwangaa the chief","male","","49179b62-812d-4d0f-b518-4af7fa79f8bc","e485caecb5cad638ed312eb4ea2ff550adc81c9cb4674211557ee6c0279f1653"
"333","Waforte-the-first","waforte the first","masked up man who does sleep a lot","male","","871912a8-d96e-4594-b7b3-450d94ee6924","4c2bf5ae8e070b598ea78faef45200c19d40041f6b98b24c4f1eb33bf4d5cfca"
"334","Kariuki-the-prayerful-one","kariuki the prayerful one","kariuki closes his eyes","male","","6a5b6fa6-0f91-4b01-957f-c766945eb704","5a8620271ce4647e9b04d7b6c33ac22af2b9e8a0fcfca18625a9b8b1791dfee1"
"335","Kenyanese-the-priest","kenyanese the priest","masked up man with with white cloth","male","","0706c338-42eb-4d26-84ea-c24b39628200","2434cf300a187036b1eff2299473a1489859e7e9bd43bec67986aab80face679"
"336","Nyimbo-the-singer","nyimbo the singer","glasses and a pot for the night","female","","d05af807-b3e9-4ad3-8df1-b7864d2daa33","728584f842794ec5019f2e7e4296db5cc2a4de4e49cbdb2116794f7733482b13"
"337","maathai-the-nobel-winner","maathai the nobel winner","mathaai the warrior","female","","0871cb8c-8d56-445d-92c7-01793f327707","18c02b6c8f88c6c213535a213e8aa39dbb66cceaea3c3ebac71ca9975f0cbead"
"338","Tish-the-angry-one","tish the angry one","angry tish with specs on","female","","750a89dc-44ff-43bf-8211-b7776f1b5e52","e7d4407d2c0dea8492b2f8ebab239a9405d74b74e32fe482135b1324e6577e9f"
"339","Wamenza-the-winner","wamenza the winner","wamenza the leader","female","","7348c9ed-4ac9-4785-9434-0a1f0dcaf8d8","8ad77d83091d7f17e668c485eadbc840bb328d3a116715d912f86f62fc642fc9"
"340","Isaya-the-track-king","isaya the track king","isaya the traveller","male","","41781a16-d2b8-4fc6-a1f4-b9fffc5c95ba","cdae98cee8617c8c9c2c01db0e0ef3ff95bcad7ef9841b62c0736f432592f2d2"
"","","","","","","","e3b0c44298fc1c149afbf4c8996fb92427ae41e4649b934ca495991b7852b855"
"TEAM RULER","","","","","","","e3b0c44298fc1c149afbf4c8996fb92427ae41e4649b934ca495991b7852b855"
"341","mansur-the-partyrider","mansur the partyrider","Mansur is the life of a party and never caught dulling.","male","","78db0f29-3936-4d9c-bb90-3dbf20dba2dd","6304fea815a89849111a53a4c7990ce5328abe65d93f0053ec7a391a40c90e59"
"342","tola-the-businessman","tola the businessman","Tola loves business and owns several shops in idumota","female","","1c5d5a6b-cf04-4bf9-978e-22a7e9bc5819","5ff7e10bb68c4bb7a02a5e4f0947c383891a831f9f2df4e7162f919f06d4a93a"
"343","abdullahi-the-honorable","abdullahi the honorable","Popularly called ""buje budanu"" a godfather who lavishes money on young thugs","male","","dd708276-445f-4483-8357-fc08e999328f","fe3b26dc3b68ee3bd053250fc973ceaba7b27b2a75f38f9c34a259fb83a1c39d"
"344","ojukwu-the-badguy","ojukwu the badguy","Ojukwu likes to oppress and cause trouble","male","","76c1eabf-15ea-446a-8426-472982c4d800","9f7ac88c21ba901ee5bb935be61ff401778e7aa3b8e12f88a0d057efcd5da075"
"345","odunsi-the-egbonadugbo","odunsi the egbonadugbo","Odunsi loves to advise and people in the community rely on him","male","","2912ab8b-5875-4277-a5c2-a0209aee90ae","33b2f55ca8a45558fae24eba643aca452a89b1d997e727842613b7d42ef0f87d"
"346","ogogo-the-sugardaddy","ogogo the sugardaddy","A rich oil magnate who loves to 'solve' young women's problems with his millions","male","","aa575f30-04ad-45f9-a798-199465117793","5293dea7544677e2bffe2596a7f320d0d997e6d52f98c4b769846e26f1f69607"
"347","suli-the-amalaseller","suli the amalaseller","Suli sells amala , she is very rude, and they say thats the secret to her sweet food","female","","46fd4821-04dd-4f65-9290-c130a00c4c93","40340de4f9c1047c2f413a5e5e5864f177dd85f974b17bc9ff7a0391fa08988d"
"348","dolapo-the-afrocentric","dolapo the afrocentric","Dolapo loves african prints and loves to showcase culture","female","","cbab232b-5c62-4df8-867b-018a2e496cd4","7f94146c081f446f38e0cba234226b1d4a9b909de00a22e6ec99de59d0b925dd"
"349","danjuma-the-saddist","danjuma-the-saddist","Danjuma is a grumpy man no one likes to associate with him","male","","5a42af57-186e-425b-b6b1-f72bda4911ef","4c240c14adba3ed07736d4a948b39800065d23dafcdeecf90de54646532523e6"
"350","chinedu-the-farmer","chinedu the farmer","An hardworking farmer who has 6 boys who help out on the farm","male","","9e8a55d7-0d8d-465d-a628-08ddd387a2c6","63be261cbcdba1bb69dab1ec7b8598398b47e779b227c688e863f4860ed76774"
"351","kola-the-baldguy","kola the baldguy","kola girls fall for his bald head and always barb it","male","","c32f1757-da9c-49e8-bd79-510a42b6971a","a3ef499a5bdd0333616697a9e6b5639bb46f89fecb6dbfa643e7659ab0e35377"
"352","bola-the-bosslady","bola the bosslady","Bola commands boys and chill with men","female","","09ff910d-a2be-49d5-8b27-b9378458701c","f21a1337f9b1942ac45bba393206207730134393a40f398ee45e7e43560a15ba"
"353","kunle-the-alienguy","kunle the alienguy","People feared kunle because of his alien's colour","male","","dea2f5d8-e3ba-4d3f-9a17-0a7edfd0c100","4d3b7f3c59864c463b14f2b50423cb6a365152ce99c308bad8842df85db528a8"
"354","segun-the-sharp","segun the sharp","Segun drives with caution and people love him for that","male","","f9159a9c-f48d-4aee-bcc1-63c86209f806","4e39f45869f7e75948a7e39be05188756a96629a582c43f9f5875384f9497ee7"
"355","ola-the-hardguy","ola the hardguy","Ola is feared by many and he leveraged on that","male","","a814fc77-bdfa-4e50-8ba8-3e4e4bcfb3c0","5d47ab31789f8844231fb60c0a16c3d2e269fb3a1294a05ff060c2389444d3f0"
"356","emeka-the-chief","emeka the chief","Crowd are always at Emeka's house and people respect him","male","","195e89c8-0b6f-43ad-9a2c-d20f03439e96","34244149632cd2669149ab62d4334d1243f152c9a37d14ef97b4676b9ea39668"
"357","ugochukwu-the-celeb","ugochukwu the celeb","Ugochukwu has many followers on social media","male","","74775cda-cff4-4d21-8819-693127598eca","5315b37b39d76f1caa2305fb5e1f06721452d804e4f2ed74d5e198217041d332"
"358","adekunle-the-yorubademon","adekunle the yoruba demon","A womans' man with no devotion to any of them","male","","5c98c2d8-3144-4e08-8a0f-9b8d7e4f5aa7","f541666de10c45fc70928eb0a2c3c3967afe6c4fa596e039e8c80d73d443bd2e"
"359","favour-the-fashionista","favour the fashionista","Combining dresses is not a problem for Favour","female","","19fc15c3-80fe-4d45-a2fe-be8f087d57c4","cebd61deb0cccbc484c2ddec64994270afd7e2270688be079434af0e5c699fda"
"360","jane-the-slayqueen","jane the slayqueen","Jane is always found in the midst of men and loves partying","female","","74775cda-cff4-4d21-8819-693127598eca","5315b37b39d76f1caa2305fb5e1f06721452d804e4f2ed74d5e198217041d332"
"","","","","","","","e3b0c44298fc1c149afbf4c8996fb92427ae41e4649b934ca495991b7852b855"
"TEAM VBELT","","","","","","","e3b0c44298fc1c149afbf4c8996fb92427ae41e4649b934ca495991b7852b855"
"361","osas-the-ceo","osas the ceo","Meet Osas, a Gen-Z CEO with the British accent.","Female","purple","b10f7e42-4778-49db-820b-dabbad75504a","0dbc52bb16cacba7b14d5955950e9565e8f2098197f68977d1f33ec1ce8d80e3"
"362","nneka-the-rainbow babe","nneka the rainbow babe","Nneka, the happy rainbow babe with the vibes","Female","pink","e7e20ab8-03e0-4e0a-80aa-6e193f84426e","77a983a98ffa946f35d6b47747ea4a5650c344b8a22fa8ca73c7a9029d32affc"
"363","temitope-the-spoilt girl","temitope the spoilt girl","Temitope, our favourite Daddy's girl.","Female","Teeth - vampire teeth, accessory - gold glasses","10cbcbcb-754e-4175-b85d-d0c7eafa16a2","f80c6c0f1006db075c691101f0d4dc2b6e2997b1f51ce95049ea5673a362819b"
"364","bekeh-the-party animal","bekeh the party animal","Baby Bekeh, Life of the party that goes home with your charger.","Female","dark brown","f0558235-3043-46e5-b26c-5bde83cc67fb","da5864c5ad9a5f5b192c5a06eb44ac4706171042e34144f5767a2b3d61d03af6"
"365","nana-the-tech lady","nana the tech lady","Nana, the tech madam that doubles as Kumasi Adele in her bathroom every morning.","Female","","e0858913-7050-4c4a-a2a0-442a88463334","9189a6bfb2140ed50588076d026aa9cef04f58c916ab29799802aa1c279ac00a"
"366","rofiat-the-marketer","rofiat the marketer","Rofiat, the distressed marketing intern.","Female","","1e4d9bda-f6f9-4e7a-9381-bee4b074b56d","85a22204423c129c0fd6a663bdf5eaf6bee29f08e1d9af4f979d5abc235e8397"
"367","zarifa-the-righteous","zarifa the righteous","Meet Zarifa, a proper baddie for Christ.","Female","","c6955d16-c343-46bc-9bed-c069ea8cc65a","08f18b44df618569e568fd14538737ec6e3b9c4882a16a107eb0fb39a10db17d"
"368","modinat-the-troublesome","modinat the troublesome","Modinat, The queen of Gbas Gbos.","Female","","49eb44e8-1117-463b-b7b3-1bcea4258362","87c7a570b754185a1f8b9002a86254fa14134d45fd5d73241784cf2de4eaad18"
"369","amaka-our-mummy-g.o","amaka our mummy g.o","Here's Amaka, our one and only mummy G.O who's been to hell and back.","Female","","853edc40-0f9d-40c5-ba78-46067dfd7f68","800065129e29e336e9a5b3f0ec7f039c02ec15dc20a563e5652481ccada0929c"
"370","mawusi-the-patient","mawusi the patient","Meet Mawusi, the sweet sister waiting for her Canadian bobo.","Female","","ca9ddc30-141a-493d-851b-71d34f599641","eb22c7d09f1340e15d0cc22deef6c4cae5530fde9d191cbba155b80073efeb64"
"371","nesta-the-difficult","nesta the difficult","Meet Nesta,the National Chairlady, Shege Administrators of Nigeria. (SAN)","Female","","fc3b7ca7-efdb-45b2-b7c9-e69107484a43","4cb8bc31042b8c0aa874a0c583fbe040ab2ad2fab81f722c932e405fc557c6fe"
"372","adaora-the-choir mistress","adaora the choir mistress","Adaora, our able choir mistress that will take your boyfriend for vanishing.","Female","","df944505-da1a-424e-88aa-b9d365bd2775","3dfe4ea8b04bf26d8109cae6e816ec25416268b08bca17bbb6339df6446e7a4d"
"373","busayo-the-husband snatcher","busayo the husband snatcher","Miss Busayo, Can transplant your husband with the blink of her eyes","Female","","73c8d935-4a71-41d2-a1de-066ae8d548e6","ec74b8dfbae4a249ed3b59428c7bf04a340fc7ba0310f7e4d2cbe7fe5aff404a"
"374","wangari-the-waitress","wangari the waitress","Wangari, the aspiring musician that doubles as a waitress.","Female","","4bd7a15b-cc66-4e2d-8fdb-d550f2dd645c","007439a85639651616fc90243e9d723fb79f99918bc69dec5a08dbad22546726"
"375","charlene-the-shy lady","charlene the shy lady","Meet Charlene, the shy sweetheart next door.","Female","","36539b84-ada0-43cb-92d4-30596e07a39a","85bb1a03a749513772ae1e165f75773c683c09d48e8c7517a27b0989da715c3c"
"376","addae-the-unretired","addae the unretired","Mummy Addae, the hot grandma that has refused to retire.","Female","","ced7b53c-73de-4fc7-a652-2b17ebfe68c9","9a15e34db552e273c73837ceba4b09c0873e9595c5d4bc201aeb40c22e48a661"
"377","abena-the-slay queen","abena the slay queen","Abena, the gang's slay queen","Female","","1e4728e1-3e45-4972-9755-4a38e784ff91","b0deffa21ce4e7e4794f3f1e4789d9af140620198cac80c7d67d807a392653dc"
"378","gasira-the-violence mama","gasira the violence mama","Sister Gasira, wipes people Oraimo cord for a living.","Female","","ea72337f-658f-4198-9ad6-39bc6212c20d","cc9ad8db87cd7e2a01c3311d832c51d7704e32334f938f97c281b124c68d26f2"
"379","salamatou-the-exchange student","salamatou the exchange student","Salamatou, An Ivorian exchange student who's in love with Amala.","Female","","0e216fd1-d96a-4e3c-a59b-c807f772c5b3","f03b482233bbe8d9ffae216f6877199a03d15d5e68eafbbb98f4c858f35f37ab"
"380","nguyen-the-foreigner","nguyen the foreigner","Meet Nguyen, the Asian Aunt that's addicted to Waakaye.","Female","","0381301b-b5a3-42c1-9f73-2c43c0b8493f","e9e97ae1cc3b759a89055349f115f31a6ced829b2d836aacd54d31874f044596"
"","","","","","","","e3b0c44298fc1c149afbf4c8996fb92427ae41e4649b934ca495991b7852b855"
"TEAM AXE","","","","","","","e3b0c44298fc1c149afbf4c8996fb92427ae41e4649b934ca495991b7852b855"
"381","Olofi","Olofi","Olofi is the Yoruba creator god and messenger.","Male","Eyes: Sky Blue. Accessories: FaceMask","26340cc4-e334-494e-a737-f2b4bb9bb22e","737d7da89b62ff5338d6cc9da0fb7bf6b803123800e9d6a1bd57fa34ee6907ab"
"382","Amadioha","Amadioha","Amadioha is the Igbo high god of thunder.","Male","Eyes:Shut. Hair: Bald. Accessories: FaceMask","a0586a93-7aff-43cc-8282-d081b8d6fe90","11809c4514562edfd5177dc8e7c9234ea6a79cdae5ab52e03b587ed2b0fd0b8f"
"383","Sango","Sango","Sango is the yoruba diety of thunder.","Male","Hair:Shiny Bald. Clothing: AsoOke","15e1775c-74fe-4a0b-b79c-49f6b730fa89","c39c76998484b316fde6e74cd862b6a4e9451bd356cae47610fef6c2035afcf5"
"384","Agwu","Agwu","Agwu is the Igbo deity of health and divination.","Male","Eyes: Aquamarine. Hair: Shiny Bald. Expression: Childlike","311a6713-66c9-43ce-82d8-e3ce03a87a81","758281ee77b54fbac526c5539295764f33a3c7f8fc0623b15400edefeb773346"
"385","Tano","Tano","Tano is the master of the Ghana river Tano.","Male","Eyes: Squinted.  Clothing: Yellow Danshiki with patterns","9c34a73f-33ee-4577-aba8-0982c1656ba7","e94103b8737059f0cc67314bd96cdad7984aeda6b46f2951eebf89faecc618d8"
"386","Anansi","Anansi","Anansi is a trickster god of stories of the Ghana people.","Male","Eyes: Sleepy. Accessories: FaceMask.  Clothing: Black Danshiki with patterns.","784f0f6b-4273-4a31-88d7-2455b96c9011","5057f98d272601e0135e218a89b9e3aff2fb8eb530da5a0a1034876b8eb317ac"
"387","Nyame","Nyame","Nyame is the omnipotent god of the Ghana region.","Male","","f3af0bbd-0724-4696-89ff-ed67f63e6b4f","7b98c8bda0874d15112bb2823be4f15825d67ab3d181c8109039861c7f738712"
"388","Obatala","Obatala","Obatala is the lord of all gods in the Yoruba land.","Male","","c447c120-830e-4543-9cb3-5917ba36bce8","e639001d4ad8b9013397b0ba449efb814b26e0517d1c2fdc32b4a5c02037e9c4"
"389","Erinle","Erinle","Erinle is a powerful hunter of the Yoruba land.,","Male","","dacbbb38-087d-4248-8085-13b619da0ef9","db1254c9fdc3d6b92b2899865507fac323f3d69c13184aca29d52945f15fb033"
"390","Ogun","Ogun","Ogun is the Yoruba God of iron and metal work.","Male","","94c607b3-791e-40df-bd93-50926f094143","5a49b1c4e79d81c1b61682225a8302abbbf245ea3649692d23ca9e156c109803"
"391","Abosom","Abosom","Abosom is the goddess of wisdom and knowledge of the Ghana people.","Female","","b3427836-627b-41e4-a2d0-c29473448343","ab077ce728c7e8705a07bdb2789513d6543a298dd522150b2e29eacf93642fe1"
"392","Oya","Oya","Oya is the goddess of violent storms and winds of the Yoruba people.","Female","","22aaebe4-4659-44de-ab3d-c4dae11fe9f5","85c32c4ea884dc808baa3a56b433415f82d4bd4ca20638e6a2e115f8f69bd66f"
"393","Agbala","Agbala","Agbala is the stylish goddess of the future for the Igbo region.","Female","","ca720bf9-5e47-4421-b38f-bc62162ae99e","242a21c8f6672661270740506e487a969e5240b0c4c229634104c557b1ebe3bd"
"394","Njoku-ji","Njoku-ji","Njoku-ji is the goddess of new yam of the Igbo people.","Female","","3b795bad-91b4-4d0e-8ed8-bccbb226fc55","ff835b649e1fa261435a70f8f5ed2295769a1445f733ae9ec8a773e0d0b851d2"
"395","Akonadi","Akonadi","Akonadi is the goddess of justice and prophesies of the Ghana people.","Female","","2aebd094-3be5-4773-a7a0-361f6332a7d4","4a2d43c1024b49ac39bcbfec606a6f68c76eac01688dcb51270b4d06c56ae330"
"396","Onyame","Onyame","Onyame is the goddess of the moon of the ghana region","Female","","fb148f97-d309-45a4-b902-4e066ca13f96","35416e2ed9f01da88844300b71023b87d4c82f55415cc60fcb361603c63e8053"
"397","Ibeji","Ibeji","Ibeji is the goddess of balance and twin of the Yoruba people.","Female","","7b210c03-5446-462d-980e-c73dbbc1e386","5f2f43ab1a6aa8ac3b09b03f6b06f50828b1e4ca4c05ed6d863334583f790b77"
"398","Asase-ya","Asase-ya","Asase-ya is the goddess of fertility and love of the Ghanaian people","Female","","80b51092-3fbc-4d0c-8518-fc461ccb6c80","fe3566761bea68e1678a45eb4ab228a019ba1d1f2fd29cd2198a3991e9af6ae0"
"399","Yemoja","Yemoja","Yemoja is the stylish yoruba goddess of the rivers.","Female","","1693b44d-96cf-4c2d-89be-9f4219c28447","01a1a29af394365c3642cbcd0c89421c3b1a1b9ae52fdfb1c10efaa9be139c64"
"400","Yemaya","Yemaya","Yemaya is the Ghana goddess of rivers and waters.","Female","","9609d0f4-d9d3-4cff-aa06-a9c459fefa39","f0c2fd03c77f2512b5f23ce8e829220d196bfed157584a352480125e2bd03e5d"
"","","","","","","","e3b0c44298fc1c149afbf4c8996fb92427ae41e4649b934ca495991b7852b855"
"TEAM BOOT","","","","","","","e3b0c44298fc1c149afbf4c8996fb92427ae41e4649b934ca495991b7852b855"
"401","smirky-becky","smirky becky","Becky ends every statement she makes with a smirk.","female","Eyes: Brown, Accessories: Ankara beret","87bcc41f-eb3e-4ba2-9645-223c949a9b50","dc1a962f62a540c0839d6d781a976bb5cdef4cb3c58756d22369223a23bbb89b"
"402","ankara-scarlett","ankara scarlett","Scarlett is a tailor at yaba market and she loves what she does.","female","Hair: Orange bun, Skin Colour: Caramel","66d0149f-5f2a-4ded-8e6b-9bd7d7631c39","756b4df137735d10b53fe06f759c6c9d82c298cd381dd8bf6da060d567cc3c31"
"403","sea-rastafaria","sea rastafaria","Ronke is the ghetto goddess that nobody wants to mess with. Stay clear!","female","Hair: Purple dreadlocks, Skin Colour: Caramel","d1556c97-9075-49fc-8bde-1826bfc2dbe1","bdeb02d428c3c79307b017e66334edec8045143e0c8045c0a6b192ce4f2d37a7"
"404","pretty-betty","pretty betty","Betty is always proud of her beauty.","female","Hair: Orange bob, Skin Colour: Caramel","6a4f5b7c-914d-42c5-8e5f-d1c34ca48886","7634dd2b7a8f0222acc165eb23bd3e6f6857e9275229ef61be31ee6cb46c4758"
"405","lola-medusa","lola medusa","Lola knows how to seduce every guys she is into.","female","Hair: Long red braids, Skin Colour: Caramel","32ec57f7-8272-4671-ad2d-db3dff99fe9f","a3ec0ddd1857c55630c71611294b7fef1cdcde2112a91f5406310b3dee804d81"
"406","bukola-nosend","bukola nosend","Bukola is friends with many but always get moody.","female","Hair: Brunette bob, Skin Colour: Dark brown","59d19b13-09e2-412e-a669-df020e03ae10","dfae0c32286d49cd3101f76af2bec06415cc1e9fdbf07c1e64c566cc3d9986c7"
"407","burna-morgan","burna morgan","Morgan paints the town red with her red hair.","female","Hair: Two brunette buns, Skin colour: Dark brown, Accessories: Tobacco pipe","d08af477-de20-4780-8449-46b87840b9fa","e9d1f1c8a1d9d12ef62afd4f8a118cfdc6c5751831e567247aaed750f5cbf9df"
"408","afro-star","afro star","Bimbo is an afro star with great affluence.","female","Hair: Orange afro, Skin Colour: Caramel","40743b16-ae12-4b4a-989c-e5fbf1e2e0ca","77f364bf27bb6e6e355983a15c062ff6545a42b561ef5e307c921e43ecf55ad2"
"409","fiesty-sandra","fiesty sandra","Sandra is a social animal, correct owambe ambassador.","female","Hair: Brown bun, Accessories: Purple bubblegum","d875aa6c-3e4a-4450-b09c-e9f1cdcc3947","c4921456990e18d0f1cc9328207c0e9f9ad66f4fdbe0225afc709ed3d6b3e862"
"410","sister-nkechi-sabi","sister nkechi sabi","Nkechi is the true definition of amebo, always in peoples business.","female","Hair: Black low cut, Skin Colour: Brown","a728a380-1d33-4080-841d-80b041474d8f","b95593b21263c4aa4aeebb4fc49d25f0781539ffd1a3d4134c21b73d60ffe628"
"411","unfriendly-gina","unfriendly gina","Gina is an angry one, she has no friends but she has a lot of money.","female","Hair: Orange bun, Skin Colour: Caramel, Expression: Stoic","dd30a327-8a74-40a5-8207-19a790508ccc","89c29c7efb5c3f18caf4afaca8788c397cdc50ffe0d43d2af878064b99d9ad23"
"412","dada-ganster","dada ganster","Dada respects no one, always finds pleasure terrorising others.","female","Hair: Purple dreadlocks, Skin Colour: Brown, Expression: Annoyed","e1a43f65-aad2-4385-ac5e-bc159c6e0f2a","60d154a2567951ab711b530be8a6361135f56f3ebd5ec8663187e5414c427d6a"
"413","idoncare-linda","idoncare linda","Linda is a beautiful but very annoying girl, she turns every thing to a fight.","female","Hair: Orange bob, Skin Colour: Caramel, Expression: Mischievous","ed04b47c-ae98-4db2-b71b-04d7bb976d45","288adfbafefe381cf0889bd7c7f8c8bd83bbf1d1d3858f87490760d573bfdc00"
"414","doubting-vivian","doubting vivian","Vivian just like the thomas in the bible, she doubts all.","female","Hair: Long red braids, Skin Colour: Caramel, Expression: Pissed","a0282797-44ef-4bfb-a701-e4ed5e727d63","8ac883845577f5a390ba37f4a2fb20ecf2886580fc9f9dbfcfd45088ec9e91dc"
"415","simbi-side-eyed","simbi side eyed","Simbi is reserved but doesn't allow anyone intimidate her.","female","","1f99104c-e98b-4c9a-9891-00a481e86008","59c52186dd59156b9ec2f366cc0309cbd347cf8168eaf9472b28b4762511109b"
"416","bambi-tekno","bambi tekno","Bambi is the dancer of the team.","female","","95ff5e2c-1ff2-4d58-890b-de0f39f9d8ce","36ea3b81978190b5785169109ecb4ae9c21763a0c79a30e5ac6b82cc2eee32f0"
"417","saka-portable","saka portable","Saka is forever convinced that his toothless smile is the icing on his cake.","male","","bd98f74f-e42e-494e-8298-3183555ca666","6874be9307a6b0caa178ce3c259528e0ee27758fa98080d00a1b6a062186f7e7"
"418","king-of-boys","king of boys","Busayo finds her way in ruling the boys and that's why she's king of boys.","female","","a650e79c-f964-4eb1-aa89-f9c1dbdede76","cb97b2e7a8f086c492f01e5220abaee05c3aeda5e7a7b0a370bcc05bb6e99fd8"
"419","funky-alte-pop","funky alte pop","Funke is always the life of every party, strong gen z advocate.","female","","b6753a8b-6127-4e97-812b-99e465791ba3","343eba4009a9e4827610d36c16b0445f984af69273ce73907273618f641ce088"
"420","madame-ngozi","madame ngozi","Ngozi make heads turn with her bright colours.","female","","7ecdbb1d-9a89-4136-b240-499051836979","66d49b877979ec40f96d596f9a3b24c1a6febb30e4c54f8ea90d010aa9fc1ff4"